"주차ID","주차시작일","주차종료일","점포코드","점포명","표준상품코드","표준상품명","대분류코드","대분류명","소분류코드","소분류명","순매출액","판매수량","상품이익액","상품이익률","RFMP고객등급","센터입고수량","행사순매출액","재고보유일수합계","재고보유일수측정건수","재고보유일수평균","결품수","폐기수량","센터반품수량","원거래반품건수","원거래반품액","매출원가","집계일시"
"week_id","week_start_date","week_end_date","store_id","store_name","standard_product_code","standard_product_name","category_id","category_name","sub_category_id","sub_category_name","net_sales_amount","sales_quantity","profit_amount","profit_rate","rfmp_grade","center_inbound_quantity","promotion_net_sales_amount","inventory_holding_days_sum","inventory_holding_days_count","inventory_holding_days_avg","stockout_count","disposal_quantity","center_return_quantity","original_transaction_return_count","original_transaction_return_amount","cost_of_sales","aggregated_at"
"2026-W30","2026-07-20","2026-07-26","2301","강변점","8801000000001","샘표 양조간장 501 500ml","C0010","장류","C001001","간장","634607","79","128381","0.2023","MVG","102","0","77","7","11","1","0","0","0","0","506226","2026-08-17T18:00:00+09:00"
"2026-W31","2026-07-27","2026-08-02","2301","강변점","8801000000001","샘표 양조간장 501 500ml","C0010","장류","C001001","간장","658706","82","138328","0.21","MVG","152","0","70","7","10","0","1","0","1","8354","520378","2026-08-17T18:00:00+09:00"
"2026-W32","2026-08-03","2026-08-09","2301","강변점","8801000000001","샘표 양조간장 501 500ml","C0010","장류","C001001","간장","634607","79","122098","0.1924","MVG","80","0","70","7","10","0","0","1","0","0","512509","2026-08-17T18:00:00+09:00"
"2026-W33","2026-08-10","2026-08-16","2301","강변점","8801000000001","샘표 양조간장 501 500ml","C0010","장류","C001001","간장","875597","109","159184","0.1818","MVG","183","0","49","7","7","0","0","0","0","0","716413","2026-08-17T18:00:00+09:00"
"2026-W34","2026-08-17","2026-08-23","2301","강변점","8801000000001","샘표 양조간장 501 500ml","C0010","장류","C001001","간장","1012158","126","173383","0.1713","MVG","149","678146","42","7","6","1","0","0","1","6828","838775","2026-08-17T18:00:00+09:00"
"2026-W30","2026-07-20","2026-07-26","2301","강변점","8801000000002","샘표 양조간장 501 930ml","C0010","장류","C001001","간장","1442368","124","294820","0.2044","VIP","243","0","42","7","6","1","1","0","1","10004","1147548","2026-08-17T18:00:00+09:00"
"2026-W31","2026-07-27","2026-08-02","2301","강변점","8801000000002","샘표 양조간장 501 930ml","C0010","장류","C001001","간장","1593584","137","323657","0.2031","VIP","211","0","28","7","4","0","0","1","1","9771","1269927","2026-08-17T18:00:00+09:00"
"2026-W32","2026-08-03","2026-08-09","2301","강변점","8801000000002","샘표 양조간장 501 930ml","C0010","장류","C001001","간장","1535424","132","335490","0.2185","VIP","209","0","28","7","4","1","1","1","1","11748","1199934","2026-08-17T18:00:00+09:00"
"2026-W33","2026-08-10","2026-08-16","2301","강변점","8801000000002","샘표 양조간장 501 930ml","C0010","장류","C001001","간장","1896016","163","301846","0.1592","VIP","169","872167","21","7","3","0","0","0","0","0","1594170","2026-08-17T18:00:00+09:00"
"2026-W34","2026-08-17","2026-08-23","2301","강변점","8801000000002","샘표 양조간장 501 930ml","C0010","장류","C001001","간장","2000704","172","441956","0.2209","VIP","199","0","28","7","4","1","0","0","1","9306","1558748","2026-08-17T18:00:00+09:00"
"2026-W30","2026-07-20","2026-07-26","2301","강변점","8801000000003","샘표 양조간장 701 500ml","C0010","장류","C001001","간장","1810813","131","536001","0.296","GOLD","142","851082","42","7","6","1","0","0","0","0","1274812","2026-08-17T18:00:00+09:00"
"2026-W31","2026-07-27","2026-08-02","2301","강변점","8801000000003","샘표 양조간장 701 500ml","C0010","장류","C001001","간장","2142565","155","529642","0.2472","GOLD","257","1028431","28","7","4","0","0","1","1","13685","1612923","2026-08-17T18:00:00+09:00"
"2026-W32","2026-08-03","2026-08-09","2301","강변점","8801000000003","샘표 양조간장 701 500ml","C0010","장류","C001001","간장","2280795","165","627447","0.2751","GOLD","151","1550941","28","7","4","0","0","0","1","12717","1653348","2026-08-17T18:00:00+09:00"
"2026-W33","2026-08-10","2026-08-16","2301","강변점","8801000000003","샘표 양조간장 701 500ml","C0010","장류","C001001","간장","2847538","206","804145","0.2824","GOLD","311","1623097","21","7","3","1","0","0","0","0","2043393","2026-08-17T18:00:00+09:00"
"2026-W34","2026-08-17","2026-08-23","2301","강변점","8801000000003","샘표 양조간장 701 500ml","C0010","장류","C001001","간장","2045804","148","613332","0.2998","GOLD","199","1677559","28","7","4","0","0","1","1","12855","1432472","2026-08-17T18:00:00+09:00"
"2026-W30","2026-07-20","2026-07-26","2301","강변점","8801000000004","샘표 양조간장 701 930ml","C0010","장류","C001001","간장","662865","105","200583","0.3026","MVG","157","0","35","7","5","0","0","1","1","5240","462282","2026-08-17T18:00:00+09:00"
"2026-W31","2026-07-27","2026-08-02","2301","강변점","8801000000004","샘표 양조간장 701 930ml","C0010","장류","C001001","간장","1041645","165","351451","0.3374","MVG","242","739568","28","7","4","1","0","0","1","5050","690194","2026-08-17T18:00:00+09:00"
"2026-W32","2026-08-03","2026-08-09","2301","강변점","8801000000004","샘표 양조간장 701 930ml","C0010","장류","C001001","간장","991141","157","308641","0.3114","MVG","270","0","35","7","5","0","0","1","1","5555","682500","2026-08-17T18:00:00+09:00"
"2026-W33","2026-08-10","2026-08-16","2301","강변점","8801000000004","샘표 양조간장 701 930ml","C0010","장류","C001001","간장","902759","143","274800","0.3044","MVG","259","0","35","7","5","1","1","0","0","0","627959","2026-08-17T18:00:00+09:00"
"2026-W34","2026-08-17","2026-08-23","2301","강변점","8801000000004","샘표 양조간장 701 930ml","C0010","장류","C001001","간장","1161592","184","372058","0.3203","MVG","122","0","21","7","3","0","1","0","0","0","789534","2026-08-17T18:00:00+09:00"
"2026-W30","2026-07-20","2026-07-26","2301","강변점","8801000000005","샘표 진간장 금F3 500ml","C0010","장류","C001001","간장","2398372","178","392853","0.1638","VIP","255","2206502","28","7","4","1","1","1","1","10779","2005519","2026-08-17T18:00:00+09:00"
"2026-W31","2026-07-27","2026-08-02","2301","강변점","8801000000005","샘표 진간장 금F3 500ml","C0010","장류","C001001","간장","1832464","136","398378","0.2174","VIP","116","0","35","7","5","1","0","1","0","0","1434086","2026-08-17T18:00:00+09:00"
"2026-W32","2026-08-03","2026-08-09","2301","강변점","8801000000005","샘표 진간장 금F3 500ml","C0010","장류","C001001","간장","1468666","109","301517","0.2053","VIP","212","0","49","7","7","0","1","1","0","0","1167149","2026-08-17T18:00:00+09:00"
"2026-W33","2026-08-10","2026-08-16","2301","강변점","8801000000005","샘표 진간장 금F3 500ml","C0010","장류","C001001","간장","1670776","124","331482","0.1984","VIP","107","0","42","7","6","1","1","1","0","0","1339294","2026-08-17T18:00:00+09:00"
"2026-W34","2026-08-17","2026-08-23","2301","강변점","8801000000005","샘표 진간장 금F3 500ml","C0010","장류","C001001","간장","1657302","123","319859","0.193","VIP","143","0","42","7","6","1","0","0","1","11318","1337443","2026-08-17T18:00:00+09:00"
"2026-W30","2026-07-20","2026-07-26","2301","강변점","8801000000006","샘표 진간장 금F3 930ml","C0010","장류","C001001","간장","689808","112","127270","0.1845","GOLD","111","0","35","7","5","1","1","0","0","0","562538","2026-08-17T18:00:00+09:00"
"2026-W31","2026-07-27","2026-08-02","2301","강변점","8801000000006","샘표 진간장 금F3 930ml","C0010","장류","C001001","간장","523515","85","86014","0.1643","GOLD","125","0","28","7","4","1","0","1","1","6159","437501","2026-08-17T18:00:00+09:00"
"2026-W32","2026-08-03","2026-08-09","2301","강변점","8801000000006","샘표 진간장 금F3 930ml","C0010","장류","C001001","간장","597423","97","135794","0.2273","GOLD","154","0","35","7","5","1","0","0","1","6344","461629","2026-08-17T18:00:00+09:00"
"2026-W33","2026-08-10","2026-08-16","2301","강변점","8801000000006","샘표 진간장 금F3 930ml","C0010","장류","C001001","간장","529674","86","117905","0.2226","GOLD","106","0","42","7","6","1","1","1","1","6467","411769","2026-08-17T18:00:00+09:00"
"2026-W34","2026-08-17","2026-08-23","2301","강변점","8801000000006","샘표 진간장 금F3 930ml","C0010","장류","C001001","간장","578946","94","128063","0.2212","GOLD","71","439999","42","7","6","1","0","1","1","5420","450883","2026-08-17T18:00:00+09:00"
"2026-W30","2026-07-20","2026-07-26","2301","강변점","8801000000007","샘표 진간장 S 1.7L","C0010","장류","C001001","간장","1583695","113","564587","0.3565","ACE","130","0","35","7","5","0","1","0","0","0","1019108","2026-08-17T18:00:00+09:00"
"2026-W31","2026-07-27","2026-08-02","2301","강변점","8801000000007","샘표 진간장 S 1.7L","C0010","장류","C001001","간장","1401500","100","498934","0.356","ACE","146","0","28","7","4","1","0","0","0","0","902566","2026-08-17T18:00:00+09:00"
"2026-W32","2026-08-03","2026-08-09","2301","강변점","8801000000007","샘표 진간장 S 1.7L","C0010","장류","C001001","간장","1457560","104","522244","0.3583","ACE","153","0","42","7","6","1","0","0","1","13034","935316","2026-08-17T18:00:00+09:00"
"2026-W33","2026-08-10","2026-08-16","2301","강변점","8801000000007","샘표 진간장 S 1.7L","C0010","장류","C001001","간장","1737860","124","577491","0.3323","ACE","167","938444","28","7","4","0","1","1","0","0","1160369","2026-08-17T18:00:00+09:00"
"2026-W34","2026-08-17","2026-08-23","2301","강변점","8801000000007","샘표 진간장 S 1.7L","C0010","장류","C001001","간장","2158310","154","776344","0.3597","ACE","160","0","28","7","4","1","0","1","1","14716","1381966","2026-08-17T18:00:00+09:00"
"2026-W30","2026-07-20","2026-07-26","2301","강변점","8801000000008","샘표 국간장 500ml","C0010","장류","C001001","간장","630129","141","190551","0.3024","GOLD","118","0","28","7","4","1","1","1","1","3754","439578","2026-08-17T18:00:00+09:00"
"2026-W31","2026-07-27","2026-08-02","2301","강변점","8801000000008","샘표 국간장 500ml","C0010","장류","C001001","간장","688226","154","213901","0.3108","GOLD","157","0","28","7","4","0","1","1","1","4067","474325","2026-08-17T18:00:00+09:00"
"2026-W32","2026-08-03","2026-08-09","2301","강변점","8801000000008","샘표 국간장 500ml","C0010","장류","C001001","간장","773137","173","219494","0.2839","GOLD","276","587584","21","7","3","1","0","0","0","0","553643","2026-08-17T18:00:00+09:00"
"2026-W33","2026-08-10","2026-08-16","2301","강변점","8801000000008","샘표 국간장 500ml","C0010","장류","C001001","간장","799951","179","250785","0.3135","GOLD","245","0","21","7","3","0","0","0","1","3843","549166","2026-08-17T18:00:00+09:00"
"2026-W34","2026-08-17","2026-08-23","2301","강변점","8801000000008","샘표 국간장 500ml","C0010","장류","C001001","간장","451369","101","137938","0.3056","GOLD","162","0","35","7","5","0","1","0","0","0","313431","2026-08-17T18:00:00+09:00"
"2026-W30","2026-07-20","2026-07-26","2301","강변점","8801000000009","샘표 국간장 930ml","C0010","장류","C001001","간장","1128574","151","400192","0.3546","VIP","168","0","14","7","2","1","1","0","1","7026","728382","2026-08-17T18:00:00+09:00"
"2026-W31","2026-07-27","2026-08-02","2301","강변점","8801000000009","샘표 국간장 930ml","C0010","장류","C001001","간장","1091204","146","354532","0.3249","VIP","143","829315","14","7","2","1","1","0","0","0","736672","2026-08-17T18:00:00+09:00"
"2026-W32","2026-08-03","2026-08-09","2301","강변점","8801000000009","샘표 국간장 930ml","C0010","장류","C001001","간장","769822","103","258198","0.3354","VIP","95","0","21","7","3","1","1","1","1","6129","511624","2026-08-17T18:00:00+09:00"
"2026-W33","2026-08-10","2026-08-16","2301","강변점","8801000000009","샘표 국간장 930ml","C0010","장류","C001001","간장","1300476","174","444373","0.3417","VIP","225","0","14","7","2","1","0","1","1","6353","856103","2026-08-17T18:00:00+09:00"
"2026-W34","2026-08-17","2026-08-23","2301","강변점","8801000000009","샘표 국간장 930ml","C0010","장류","C001001","간장","1420060","190","442775","0.3118","VIP","327","0","14","7","2","0","0","0","1","6353","977285","2026-08-17T18:00:00+09:00"
"2026-W30","2026-07-20","2026-07-26","2301","강변점","8801000000010","샘표 조림간장 500ml","C0010","장류","C001001","간장","1330752","96","451125","0.339","ACE","111","851681","42","7","6","1","0","0","1","13308","879627","2026-08-17T18:00:00+09:00"
"2026-W31","2026-07-27","2026-08-02","2301","강변점","8801000000010","샘표 조림간장 500ml","C0010","장류","C001001","간장","942616","68","318698","0.3381","ACE","149","0","42","7","6","0","0","1","0","0","623918","2026-08-17T18:00:00+09:00"
"2026-W32","2026-08-03","2026-08-09","2301","강변점","8801000000010","샘표 조림간장 500ml","C0010","장류","C001001","간장","790134","57","290848","0.3681","ACE","87","0","49","7","7","1","0","0","0","0","499286","2026-08-17T18:00:00+09:00"
"2026-W33","2026-08-10","2026-08-16","2301","강변점","8801000000010","샘표 조림간장 500ml","C0010","장류","C001001","간장","984202","71","335514","0.3409","ACE","91","0","42","7","6","0","0","0","0","0","648688","2026-08-17T18:00:00+09:00"
"2026-W34","2026-08-17","2026-08-23","2301","강변점","8801000000010","샘표 조림간장 500ml","C0010","장류","C001001","간장","1025788","74","338920","0.3304","ACE","104","0","56","7","8","1","1","0","1","11505","686868","2026-08-17T18:00:00+09:00"
"2026-W30","2026-07-20","2026-07-26","2301","강변점","8801000000011","샘표 맛간장 국찌개용 500ml","C0010","장류","C001001","간장","407044","29","121543","0.2986","GOLD","64","0","161","7","23","1","1","0","2","24422","285501","2026-08-17T18:00:00+09:00"
"2026-W31","2026-07-27","2026-08-02","2301","강변점","8801000000011","샘표 맛간장 국찌개용 500ml","C0010","장류","C001001","간장","421080","30","142030","0.3373","GOLD","44","0","182","7","26","2","1","2","1","11790","279050","2026-08-17T18:00:00+09:00"
"2026-W32","2026-08-03","2026-08-09","2301","강변점","8801000000011","샘표 맛간장 국찌개용 500ml","C0010","장류","C001001","간장","393008","28","131972","0.3358","GOLD","37","0","217","7","31","2","2","1","2","24984","261036","2026-08-17T18:00:00+09:00"
"2026-W33","2026-08-10","2026-08-16","2301","강변점","8801000000011","샘표 맛간장 국찌개용 500ml","C0010","장류","C001001","간장","393008","28","133387","0.3394","GOLD","36","0","189","7","27","0","2","0","1","13896","259621","2026-08-17T18:00:00+09:00"
"2026-W34","2026-08-17","2026-08-23","2301","강변점","8801000000011","샘표 맛간장 국찌개용 500ml","C0010","장류","C001001","간장","631620","45","202687","0.3209","GOLD","64","246332","119","7","17","3","1","0","0","0","428933","2026-08-17T18:00:00+09:00"
"2026-W30","2026-07-20","2026-07-26","2301","강변점","8801000000012","샘표 맛간장 조림볶음용 500ml","C0010","장류","C001001","간장","584452","74","120105","0.2055","VIP","93","0","42","7","6","1","2","2","2","14532","464347","2026-08-17T18:00:00+09:00"
"2026-W31","2026-07-27","2026-08-02","2301","강변점","8801000000012","샘표 맛간장 조림볶음용 500ml","C0010","장류","C001001","간장","726616","92","145614","0.2004","VIP","79","0","49","7","7","1","2","2","1","7345","581002","2026-08-17T18:00:00+09:00"
"2026-W32","2026-08-03","2026-08-09","2301","강변점","8801000000012","샘표 맛간장 조림볶음용 500ml","C0010","장류","C001001","간장","789800","100","193896","0.2455","VIP","198","0","49","7","7","1","1","1","1","6318","595904","2026-08-17T18:00:00+09:00"
"2026-W33","2026-08-10","2026-08-16","2301","강변점","8801000000012","샘표 맛간장 조림볶음용 500ml","C0010","장류","C001001","간장","1034638","131","191822","0.1854","VIP","157","527665","21","7","3","3","1","2","1","8135","842816","2026-08-17T18:00:00+09:00"
"2026-W34","2026-08-17","2026-08-23","2301","강변점","8801000000012","샘표 맛간장 조림볶음용 500ml","C0010","장류","C001001","간장","758208","96","151717","0.2001","VIP","140","0","42","7","6","1","1","2","1","6476","606491","2026-08-17T18:00:00+09:00"
"2026-W30","2026-07-20","2026-07-26","2301","강변점","8801000000013","청정원 햇살담은 양조간장 500ml","C0010","장류","C001001","간장","321090","42","67654","0.2107","MVG","68","0","63","7","9","2","2","2","0","0","253436","2026-08-17T18:00:00+09:00"
"2026-W31","2026-07-27","2026-08-02","2301","강변점","8801000000013","청정원 햇살담은 양조간장 500ml","C0010","장류","C001001","간장","466345","61","117146","0.2512","MVG","75","0","35","7","5","0","1","2","2","14678","349199","2026-08-17T18:00:00+09:00"
"2026-W32","2026-08-03","2026-08-09","2301","강변점","8801000000013","청정원 햇살담은 양조간장 500ml","C0010","장류","C001001","간장","672760","88","130650","0.1942","MVG","162","504570","35","7","5","2","2","1","2","13760","542110","2026-08-17T18:00:00+09:00"
"2026-W33","2026-08-10","2026-08-16","2301","강변점","8801000000013","청정원 햇살담은 양조간장 500ml","C0010","장류","C001001","간장","428120","56","84382","0.1971","MVG","46","0","56","7","8","1","0","0","0","0","343738","2026-08-17T18:00:00+09:00"
"2026-W34","2026-08-17","2026-08-23","2301","강변점","8801000000013","청정원 햇살담은 양조간장 500ml","C0010","장류","C001001","간장","519860","68","107039","0.2059","MVG","104","0","28","7","4","0","1","2","2","15442","412821","2026-08-17T18:00:00+09:00"
"2026-W30","2026-07-20","2026-07-26","2301","강변점","8801000000014","청정원 햇살담은 양조간장 840ml","C0010","장류","C001001","간장","388976","92","76162","0.1958","VIP","106","190598","28","7","4","2","1","1","2","7442","312814","2026-08-17T18:00:00+09:00"
"2026-W31","2026-07-27","2026-08-02","2301","강변점","8801000000014","청정원 햇살담은 양조간장 840ml","C0010","장류","C001001","간장","469308","111","94566","0.2015","VIP","174","201802","28","7","4","1","1","1","0","0","374742","2026-08-17T18:00:00+09:00"
"2026-W32","2026-08-03","2026-08-09","2301","강변점","8801000000014","청정원 햇살담은 양조간장 840ml","C0010","장류","C001001","간장","600376","142","150214","0.2502","VIP","167","342214","14","7","2","1","1","1","0","0","450162","2026-08-17T18:00:00+09:00"
"2026-W33","2026-08-10","2026-08-16","2301","강변점","8801000000014","청정원 햇살담은 양조간장 840ml","C0010","장류","C001001","간장","566552","134","110421","0.1949","VIP","112","249283","14","7","2","0","2","1","1","4228","456131","2026-08-17T18:00:00+09:00"
"2026-W34","2026-08-17","2026-08-23","2301","강변점","8801000000014","청정원 햇살담은 양조간장 840ml","C0010","장류","C001001","간장","465080","110","108131","0.2325","VIP","212","269746","14","7","2","1","1","2","2","8202","356949","2026-08-17T18:00:00+09:00"
"2026-W30","2026-07-20","2026-07-26","2301","강변점","8801000000015","청정원 햇살담은 진간장 500ml","C0010","장류","C001001","간장","1126271","113","270080","0.2398","GOLD","152","957330","42","7","6","2","2","2","2","17940","856191","2026-08-17T18:00:00+09:00"
"2026-W31","2026-07-27","2026-08-02","2301","강변점","8801000000015","청정원 햇살담은 진간장 500ml","C0010","장류","C001001","간장","1016634","102","297365","0.2925","GOLD","155","0","35","7","5","2","2","1","0","0","719269","2026-08-17T18:00:00+09:00"
"2026-W32","2026-08-03","2026-08-09","2301","강변점","8801000000015","청정원 햇살담은 진간장 500ml","C0010","장류","C001001","간장","617954","62","147506","0.2387","GOLD","65","0","70","7","10","0","2","0","0","0","470448","2026-08-17T18:00:00+09:00"
"2026-W33","2026-08-10","2026-08-16","2301","강변점","8801000000015","청정원 햇살담은 진간장 500ml","C0010","장류","C001001","간장","1126271","113","341823","0.3035","GOLD","137","0","42","7","6","2","2","1","2","18340","784448","2026-08-17T18:00:00+09:00"
"2026-W34","2026-08-17","2026-08-23","2301","강변점","8801000000015","청정원 햇살담은 진간장 500ml","C0010","장류","C001001","간장","986733","99","244414","0.2477","GOLD","172","0","42","7","6","1","0","2","1","7974","742319","2026-08-17T18:00:00+09:00"
"2026-W30","2026-07-20","2026-07-26","2301","강변점","8801000000016","청정원 햇살담은 진간장 1.7L","C0010","장류","C001001","간장","374376","57","90674","0.2422","ACE","122","0","63","7","9","0","0","1","2","12480","283702","2026-08-17T18:00:00+09:00"
"2026-W31","2026-07-27","2026-08-02","2301","강변점","8801000000016","청정원 햇살담은 진간장 1.7L","C0010","장류","C001001","간장","315264","48","85121","0.27","ACE","116","0","98","7","14","1","0","1","2","13662","230143","2026-08-17T18:00:00+09:00"
"2026-W32","2026-08-03","2026-08-09","2301","강변점","8801000000016","청정원 햇살담은 진간장 1.7L","C0010","장류","C001001","간장","361240","55","105121","0.291","ACE","101","0","84","7","12","1","0","1","1","5977","256119","2026-08-17T18:00:00+09:00"
"2026-W33","2026-08-10","2026-08-16","2301","강변점","8801000000016","청정원 햇살담은 진간장 1.7L","C0010","장류","C001001","간장","348104","53","98513","0.283","ACE","53","0","70","7","10","2","2","1","2","13004","249591","2026-08-17T18:00:00+09:00"
"2026-W34","2026-08-17","2026-08-23","2301","강변점","8801000000016","청정원 햇살담은 진간장 1.7L","C0010","장류","C001001","간장","499168","76","122995","0.2464","ACE","122","474210","49","7","7","0","0","0","0","0","376173","2026-08-17T18:00:00+09:00"
"2026-W30","2026-07-20","2026-07-26","2301","강변점","8801000000017","청정원 햇살담은 국간장 500ml","C0010","장류","C001001","간장","465549","49","128631","0.2763","GOLD","66","0","42","7","6","0","2","1","1","8931","336918","2026-08-17T18:00:00+09:00"
"2026-W31","2026-07-27","2026-08-02","2301","강변점","8801000000017","청정원 햇살담은 국간장 500ml","C0010","장류","C001001","간장","446547","47","95784","0.2145","GOLD","85","0","42","7","6","2","2","1","0","0","350763","2026-08-17T18:00:00+09:00"
"2026-W32","2026-08-03","2026-08-09","2301","강변점","8801000000017","청정원 햇살담은 국간장 500ml","C0010","장류","C001001","간장","437046","46","120843","0.2765","GOLD","74","0","56","7","8","2","1","0","1","9026","316203","2026-08-17T18:00:00+09:00"
"2026-W33","2026-08-10","2026-08-16","2301","강변점","8801000000017","청정원 햇살담은 국간장 500ml","C0010","장류","C001001","간장","427545","45","102226","0.2391","GOLD","77","384790","35","7","5","2","0","2","1","7886","325319","2026-08-17T18:00:00+09:00"
"2026-W34","2026-08-17","2026-08-23","2301","강변점","8801000000017","청정원 햇살담은 국간장 500ml","C0010","장류","C001001","간장","484551","51","132815","0.2741","GOLD","43","0","35","7","5","2","0","0","1","8266","351736","2026-08-17T18:00:00+09:00"
"2026-W30","2026-07-20","2026-07-26","2301","강변점","8801000000018","청정원 두번달여 더진한 진간장 840ml","C0010","장류","C001001","간장","705537","63","195293","0.2768","VIP","104","0","84","7","12","1","2","2","1","10415","510244","2026-08-17T18:00:00+09:00"
"2026-W31","2026-07-27","2026-08-02","2301","강변점","8801000000018","청정원 두번달여 더진한 진간장 840ml","C0010","장류","C001001","간장","537552","48","151912","0.2826","VIP","50","0","84","7","12","2","0","1","1","9295","385640","2026-08-17T18:00:00+09:00"
"2026-W32","2026-08-03","2026-08-09","2301","강변점","8801000000018","청정원 두번달여 더진한 진간장 840ml","C0010","장류","C001001","간장","974313","87","296483","0.3043","VIP","109","565102","63","7","9","3","2","0","2","19710","677830","2026-08-17T18:00:00+09:00"
"2026-W33","2026-08-10","2026-08-16","2301","강변점","8801000000018","청정원 두번달여 더진한 진간장 840ml","C0010","장류","C001001","간장","649542","58","180248","0.2775","VIP","83","0","84","7","12","1","2","0","2","23518","469294","2026-08-17T18:00:00+09:00"
"2026-W34","2026-08-17","2026-08-23","2301","강변점","8801000000018","청정원 두번달여 더진한 진간장 840ml","C0010","장류","C001001","간장","985512","88","302552","0.307","VIP","167","0","56","7","8","0","1","2","0","0","682960","2026-08-17T18:00:00+09:00"
"2026-W30","2026-07-20","2026-07-26","2301","강변점","8801000000019","청정원 맛선생 맛간장 500ml","C0010","장류","C001001","간장","300283","47","96721","0.3221","ACE","92","0","63","7","9","1","2","0","0","0","203562","2026-08-17T18:00:00+09:00"
"2026-W31","2026-07-27","2026-08-02","2301","강변점","8801000000019","청정원 맛선생 맛간장 500ml","C0010","장류","C001001","간장","293894","46","87081","0.2963","ACE","92","249810","84","7","12","2","1","2","2","12906","206813","2026-08-17T18:00:00+09:00"
"2026-W32","2026-08-03","2026-08-09","2301","강변점","8801000000019","청정원 맛선생 맛간장 500ml","C0010","장류","C001001","간장","293894","46","96926","0.3298","ACE","65","0","70","7","10","3","2","2","2","12140","196968","2026-08-17T18:00:00+09:00"
"2026-W33","2026-08-10","2026-08-16","2301","강변점","8801000000019","청정원 맛선생 맛간장 500ml","C0010","장류","C001001","간장","268338","42","78650","0.2931","ACE","81","0","91","7","13","0","1","1","2","11116","189688","2026-08-17T18:00:00+09:00"
"2026-W34","2026-08-17","2026-08-23","2301","강변점","8801000000019","청정원 맛선생 맛간장 500ml","C0010","장류","C001001","간장","364173","57","127206","0.3493","ACE","74","0","49","7","7","2","1","2","0","0","236967","2026-08-17T18:00:00+09:00"
"2026-W30","2026-07-20","2026-07-26","2301","강변점","8801000000020","청정원 저염 양조간장 500ml","C0010","장류","C001001","간장","894880","94","181661","0.203","GOLD","154","429542","42","7","6","1","1","0","2","19992","713219","2026-08-17T18:00:00+09:00"
"2026-W31","2026-07-27","2026-08-02","2301","강변점","8801000000020","청정원 저염 양조간장 500ml","C0010","장류","C001001","간장","590240","62","126843","0.2149","GOLD","91","0","63","7","9","2","1","2","1","8092","463397","2026-08-17T18:00:00+09:00"
"2026-W32","2026-08-03","2026-08-09","2301","강변점","8801000000020","청정원 저염 양조간장 500ml","C0010","장류","C001001","간장","894880","94","176112","0.1968","GOLD","186","0","42","7","6","0","0","1","1","9996","718768","2026-08-17T18:00:00+09:00"
"2026-W33","2026-08-10","2026-08-16","2301","강변점","8801000000020","청정원 저염 양조간장 500ml","C0010","장류","C001001","간장","637840","67","110410","0.1731","GOLD","74","0","70","7","10","2","1","1","2","15612","527430","2026-08-17T18:00:00+09:00"
"2026-W34","2026-08-17","2026-08-23","2301","강변점","8801000000020","청정원 저염 양조간장 500ml","C0010","장류","C001001","간장","904400","95","192185","0.2125","GOLD","83","0","28","7","4","1","0","2","0","0","712215","2026-08-17T18:00:00+09:00"
"2026-W30","2026-07-20","2026-07-26","2301","강변점","8801000000021","오뚜기 양조간장 501 500ml","C0010","장류","C001001","간장","394680","60","118601","0.3005","VIP","58","0","77","7","11","0","0","2","2","12104","276079","2026-08-17T18:00:00+09:00"
"2026-W31","2026-07-27","2026-08-02","2301","강변점","8801000000021","오뚜기 양조간장 501 500ml","C0010","장류","C001001","간장","513084","78","176911","0.3448","VIP","133","0","63","7","9","3","1","0","1","6183","336173","2026-08-17T18:00:00+09:00"
"2026-W32","2026-08-03","2026-08-09","2301","강변점","8801000000021","오뚜기 양조간장 501 500ml","C0010","장류","C001001","간장","420992","64","133623","0.3174","VIP","99","0","84","7","12","1","2","1","2","13288","287369","2026-08-17T18:00:00+09:00"
"2026-W33","2026-08-10","2026-08-16","2301","강변점","8801000000021","오뚜기 양조간장 501 500ml","C0010","장류","C001001","간장","559130","85","184792","0.3305","VIP","106","0","56","7","8","1","1","2","1","5723","374338","2026-08-17T18:00:00+09:00"
"2026-W34","2026-08-17","2026-08-23","2301","강변점","8801000000021","오뚜기 양조간장 501 500ml","C0010","장류","C001001","간장","486772","74","175530","0.3606","VIP","48","267725","70","7","10","2","1","0","0","0","311242","2026-08-17T18:00:00+09:00"
"2026-W30","2026-07-20","2026-07-26","2301","강변점","8801000000022","오뚜기 양조간장 501 900ml","C0010","장류","C001001","간장","374994","83","102336","0.2729","MVG","119","149998","49","7","7","2","2","1","1","4608","272658","2026-08-17T18:00:00+09:00"
"2026-W31","2026-07-27","2026-08-02","2301","강변점","8801000000022","오뚜기 양조간장 501 900ml","C0010","장류","C001001","간장","424692","94","115729","0.2725","MVG","106","322766","56","7","8","1","1","1","2","7770","308963","2026-08-17T18:00:00+09:00"
"2026-W32","2026-08-03","2026-08-09","2301","강변점","8801000000022","오뚜기 양조간장 501 900ml","C0010","장류","C001001","간장","501498","111","130640","0.2605","MVG","88","351049","42","7","6","2","1","0","2","8132","370858","2026-08-17T18:00:00+09:00"
"2026-W33","2026-08-10","2026-08-16","2301","강변점","8801000000022","오뚜기 양조간장 501 900ml","C0010","장류","C001001","간장","420174","93","133993","0.3189","MVG","196","231096","49","7","7","2","0","0","1","4608","286181","2026-08-17T18:00:00+09:00"
"2026-W34","2026-08-17","2026-08-23","2301","강변점","8801000000022","오뚜기 양조간장 501 900ml","C0010","장류","C001001","간장","506016","112","148516","0.2935","MVG","202","278309","42","7","6","2","0","0","1","3840","357500","2026-08-17T18:00:00+09:00"
"2026-W30","2026-07-20","2026-07-26","2301","강변점","8801000000023","오뚜기 진간장 500ml","C0010","장류","C001001","간장","773490","57","209770","0.2712","GOLD","112","0","77","7","11","2","2","1","2","28496","563720","2026-08-17T18:00:00+09:00"
"2026-W31","2026-07-27","2026-08-02","2301","강변점","8801000000023","오뚜기 진간장 500ml","C0010","장류","C001001","간장","759920","56","206546","0.2718","GOLD","107","0","63","7","9","1","0","0","1","13163","553374","2026-08-17T18:00:00+09:00"
"2026-W32","2026-08-03","2026-08-09","2301","강변점","8801000000023","오뚜기 진간장 500ml","C0010","장류","C001001","간장","1099170","81","256217","0.2331","GOLD","77","571568","49","7","7","1","2","1","1","12620","842953","2026-08-17T18:00:00+09:00"
"2026-W33","2026-08-10","2026-08-16","2301","강변점","8801000000023","오뚜기 진간장 500ml","C0010","장류","C001001","간장","732780","54","175354","0.2393","GOLD","80","0","91","7","13","1","2","2","0","0","557426","2026-08-17T18:00:00+09:00"
"2026-W34","2026-08-17","2026-08-23","2301","강변점","8801000000023","오뚜기 진간장 500ml","C0010","장류","C001001","간장","610650","45","170432","0.2791","GOLD","54","0","91","7","13","0","1","2","0","0","440218","2026-08-17T18:00:00+09:00"
"2026-W30","2026-07-20","2026-07-26","2301","강변점","8801000000024","오뚜기 진간장 1.7L","C0010","장류","C001001","간장","742788","94","190451","0.2564","VIP","123","0","28","7","4","0","2","0","2","12960","552337","2026-08-17T18:00:00+09:00"
"2026-W31","2026-07-27","2026-08-02","2301","강변점","8801000000024","오뚜기 진간장 1.7L","C0010","장류","C001001","간장","829710","105","218463","0.2633","VIP","185","730145","35","7","5","1","1","0","1","7191","611247","2026-08-17T18:00:00+09:00"
"2026-W32","2026-08-03","2026-08-09","2301","강변점","8801000000024","오뚜기 진간장 1.7L","C0010","장류","C001001","간장","505728","64","141553","0.2799","VIP","124","0","63","7","9","0","1","2","0","0","364175","2026-08-17T18:00:00+09:00"
"2026-W33","2026-08-10","2026-08-16","2301","강변점","8801000000024","오뚜기 진간장 1.7L","C0010","장류","C001001","간장","790200","100","207665","0.2628","VIP","112","0","35","7","5","1","2","1","0","0","582535","2026-08-17T18:00:00+09:00"
"2026-W34","2026-08-17","2026-08-23","2301","강변점","8801000000024","오뚜기 진간장 1.7L","C0010","장류","C001001","간장","774396","98","206067","0.2661","VIP","135","0","42","7","6","1","1","1","1","7823","568329","2026-08-17T18:00:00+09:00"
"2026-W30","2026-07-20","2026-07-26","2301","강변점","8801000000025","오뚜기 국간장 500ml","C0010","장류","C001001","간장","280090","37","87136","0.3111","ACE","84","170855","119","7","17","2","0","1","1","6737","192954","2026-08-17T18:00:00+09:00"
"2026-W31","2026-07-27","2026-08-02","2301","강변점","8801000000025","오뚜기 국간장 500ml","C0010","장류","C001001","간장","166540","22","50995","0.3062","ACE","67","0","224","7","32","2","1","0","2","13778","115545","2026-08-17T18:00:00+09:00"
"2026-W32","2026-08-03","2026-08-09","2301","강변점","8801000000025","오뚜기 국간장 500ml","C0010","장류","C001001","간장","189250","25","48978","0.2588","ACE","53","0","224","7","32","0","1","0","1","6964","140272","2026-08-17T18:00:00+09:00"
"2026-W33","2026-08-10","2026-08-16","2301","강변점","8801000000025","오뚜기 국간장 500ml","C0010","장류","C001001","간장","272520","36","71019","0.2606","ACE","75","0","126","7","18","1","1","1","1","6359","201501","2026-08-17T18:00:00+09:00"
"2026-W34","2026-08-17","2026-08-23","2301","강변점","8801000000025","오뚜기 국간장 500ml","C0010","장류","C001001","간장","295230","39","93293","0.316","ACE","85","0","133","7","19","2","1","1","2","13324","201937","2026-08-17T18:00:00+09:00"
"2026-W30","2026-07-20","2026-07-26","2301","강변점","8801000000026","몽고 송표간장 500ml","C0010","장류","C001001","간장","95243","23","21515","0.2259","GOLD","42","0","140","7","20","1","3","0","0","0","73728","2026-08-17T18:00:00+09:00"
"2026-W31","2026-07-27","2026-08-02","2301","강변점","8801000000026","몽고 송표간장 500ml","C0010","장류","C001001","간장","103525","25","23324","0.2253","GOLD","62","0","133","7","19","0","3","1","2","8282","80201","2026-08-17T18:00:00+09:00"
"2026-W32","2026-08-03","2026-08-09","2301","강변점","8801000000026","몽고 송표간장 500ml","C0010","장류","C001001","간장","103525","25","22796","0.2202","GOLD","21","0","98","7","14","1","3","0","2","8364","80729","2026-08-17T18:00:00+09:00"
"2026-W33","2026-08-10","2026-08-16","2301","강변점","8801000000026","몽고 송표간장 500ml","C0010","장류","C001001","간장","95243","23","20230","0.2124","GOLD","38","0","133","7","19","3","1","2","3","10683","75013","2026-08-17T18:00:00+09:00"
"2026-W34","2026-08-17","2026-08-23","2301","강변점","8801000000026","몽고 송표간장 500ml","C0010","장류","C001001","간장","86961","21","15375","0.1768","GOLD","38","49568","98","7","14","4","2","2","0","0","71586","2026-08-17T18:00:00+09:00"
"2026-W30","2026-07-20","2026-07-26","2301","강변점","8801000000027","몽고 송표간장 900ml","C0010","장류","C001001","간장","160398","38","33860","0.2111","VIP","43","0","91","7","13","4","1","2","2","7176","126538","2026-08-17T18:00:00+09:00"
"2026-W31","2026-07-27","2026-08-02","2301","강변점","8801000000027","몽고 송표간장 900ml","C0010","장류","C001001","간장","173061","41","32691","0.1889","VIP","73","0","98","7","14","1","3","3","1","3672","140370","2026-08-17T18:00:00+09:00"
"2026-W32","2026-08-03","2026-08-09","2301","강변점","8801000000027","몽고 송표간장 900ml","C0010","장류","C001001","간장","211050","50","41682","0.1975","VIP","84","0","70","7","10","3","3","1","2","8610","169368","2026-08-17T18:00:00+09:00"
"2026-W33","2026-08-10","2026-08-16","2301","강변점","8801000000027","몽고 송표간장 900ml","C0010","장류","C001001","간장","278586","66","62236","0.2234","VIP","112","195010","49","7","7","2","2","2","3","12915","216350","2026-08-17T18:00:00+09:00"
"2026-W34","2026-08-17","2026-08-23","2301","강변점","8801000000027","몽고 송표간장 900ml","C0010","장류","C001001","간장","189945","45","43250","0.2277","VIP","73","0","91","7","13","2","2","1","1","3672","146695","2026-08-17T18:00:00+09:00"
"2026-W30","2026-07-20","2026-07-26","2301","강변점","8801000000028","몽고 진간장 1.8L","C0010","장류","C001001","간장","121149","27","23406","0.1932","ACE","39","0","56","7","8","4","1","0","1","3634","97743","2026-08-17T18:00:00+09:00"
"2026-W31","2026-07-27","2026-08-02","2301","강변점","8801000000028","몽고 진간장 1.8L","C0010","장류","C001001","간장","174993","39","33914","0.1938","ACE","67","0","63","7","9","4","3","3","3","13191","141079","2026-08-17T18:00:00+09:00"
"2026-W32","2026-08-03","2026-08-09","2301","강변점","8801000000028","몽고 진간장 1.8L","C0010","장류","C001001","간장","183967","41","30980","0.1684","ACE","69","99342","28","7","4","3","1","1","3","11172","152987","2026-08-17T18:00:00+09:00"
"2026-W33","2026-08-10","2026-08-16","2301","강변점","8801000000028","몽고 진간장 1.8L","C0010","장류","C001001","간장","161532","36","32888","0.2036","ACE","70","0","77","7","11","4","1","1","1","4308","128644","2026-08-17T18:00:00+09:00"
"2026-W34","2026-08-17","2026-08-23","2301","강변점","8801000000028","몽고 진간장 1.8L","C0010","장류","C001001","간장","206402","46","38329","0.1857","ACE","80","0","35","7","5","4","1","2","3","13998","168073","2026-08-17T18:00:00+09:00"
"2026-W30","2026-07-20","2026-07-26","2301","강변점","8801000000029","몽고 국간장 900ml","C0010","장류","C001001","간장","208062","54","54450","0.2617","GOLD","110","0","84","7","12","2","3","2","0","0","153612","2026-08-17T18:00:00+09:00"
"2026-W31","2026-07-27","2026-08-02","2301","강변점","8801000000029","몽고 국간장 900ml","C0010","장류","C001001","간장","296681","77","74942","0.2526","GOLD","164","204710","42","7","6","3","0","2","2","7166","221739","2026-08-17T18:00:00+09:00"
"2026-W32","2026-08-03","2026-08-09","2301","강변점","8801000000029","몽고 국간장 900ml","C0010","장류","C001001","간장","165679","43","44468","0.2684","GOLD","81","0","119","7","17","2","2","1","2","6858","121211","2026-08-17T18:00:00+09:00"
"2026-W33","2026-08-10","2026-08-16","2301","강변점","8801000000029","몽고 국간장 900ml","C0010","장류","C001001","간장","231180","60","63251","0.2736","GOLD","73","0","63","7","9","3","0","3","0","0","167929","2026-08-17T18:00:00+09:00"
"2026-W34","2026-08-17","2026-08-23","2301","강변점","8801000000029","몽고 국간장 900ml","C0010","장류","C001001","간장","227327","59","59150","0.2602","GOLD","86","0","70","7","10","4","0","2","1","3737","168177","2026-08-17T18:00:00+09:00"
"2026-W30","2026-07-20","2026-07-26","2301","강변점","8801000000030","몽고 양조간장 501 500ml","C0010","장류","C001001","간장","658368","81","184277","0.2799","VIP","94","506943","35","7","5","2","1","3","1","8209","474091","2026-08-17T18:00:00+09:00"
"2026-W31","2026-07-27","2026-08-02","2301","강변점","8801000000030","몽고 양조간장 501 500ml","C0010","장류","C001001","간장","520192","64","121205","0.233","VIP","62","0","49","7","7","4","3","2","1","8372","398987","2026-08-17T18:00:00+09:00"
"2026-W32","2026-08-03","2026-08-09","2301","강변점","8801000000030","몽고 양조간장 501 500ml","C0010","장류","C001001","간장","479552","59","113558","0.2368","VIP","77","0","63","7","9","3","1","1","1","8047","365994","2026-08-17T18:00:00+09:00"
"2026-W33","2026-08-10","2026-08-16","2301","강변점","8801000000030","몽고 양조간장 501 500ml","C0010","장류","C001001","간장","560832","69","154117","0.2748","VIP","85","0","63","7","9","1","3","0","2","17068","406715","2026-08-17T18:00:00+09:00"
"2026-W34","2026-08-17","2026-08-23","2301","강변점","8801000000030","몽고 양조간장 501 500ml","C0010","장류","C001001","간장","536448","66","127996","0.2386","VIP","118","0","42","7","6","2","0","2","4","26660","408452","2026-08-17T18:00:00+09:00"
"2026-W30","2026-07-20","2026-07-26","2301","강변점","8801000000031","대상 집으로ON 양조간장 500ml","C0010","장류","C001001","간장","79362","18","25975","0.3273","GOLD","54","0","231","7","33","1","1","0","2","8906","53387","2026-08-17T18:00:00+09:00"
"2026-W31","2026-07-27","2026-08-02","2301","강변점","8801000000031","대상 집으로ON 양조간장 500ml","C0010","장류","C001001","간장","96998","22","26907","0.2774","GOLD","71","0","189","7","27","0","1","2","3","12300","70091","2026-08-17T18:00:00+09:00"
"2026-W32","2026-08-03","2026-08-09","2301","강변점","8801000000031","대상 집으로ON 양조간장 500ml","C0010","장류","C001001","간장","114634","26","32602","0.2844","GOLD","44","0","175","7","25","1","2","2","2","8200","82032","2026-08-17T18:00:00+09:00"
"2026-W33","2026-08-10","2026-08-16","2301","강변점","8801000000031","대상 집으로ON 양조간장 500ml","C0010","장류","C001001","간장","96998","22","30215","0.3115","GOLD","76","0","182","7","26","2","0","0","3","12300","66783","2026-08-17T18:00:00+09:00"
"2026-W34","2026-08-17","2026-08-23","2301","강변점","8801000000031","대상 집으로ON 양조간장 500ml","C0010","장류","C001001","간장","171951","39","50021","0.2909","GOLD","85","163353","84","7","12","4","1","1","2","8554","121930","2026-08-17T18:00:00+09:00"
"2026-W30","2026-07-20","2026-07-26","2301","강변점","8801000000032","대상 집으로ON 진간장 840ml","C0010","장류","C001001","간장","543648","48","194300","0.3574","ACE","85","0","84","7","12","2","1","1","0","0","349348","2026-08-17T18:00:00+09:00"
"2026-W31","2026-07-27","2026-08-02","2301","강변점","8801000000032","대상 집으로ON 진간장 840ml","C0010","장류","C001001","간장","600278","53","209197","0.3485","ACE","66","0","77","7","11","3","0","2","2","21066","391081","2026-08-17T18:00:00+09:00"
"2026-W32","2026-08-03","2026-08-09","2301","강변점","8801000000032","대상 집으로ON 진간장 840ml","C0010","장류","C001001","간장","566300","50","198432","0.3504","ACE","50","0","63","7","9","3","2","2","3","32280","367868","2026-08-17T18:00:00+09:00"
"2026-W33","2026-08-10","2026-08-16","2301","강변점","8801000000032","대상 집으로ON 진간장 840ml","C0010","장류","C001001","간장","679560","60","245049","0.3606","ACE","83","502874","63","7","9","4","2","2","1","10986","434511","2026-08-17T18:00:00+09:00"
"2026-W34","2026-08-17","2026-08-23","2301","강변점","8801000000032","대상 집으로ON 진간장 840ml","C0010","장류","C001001","간장","622930","55","201020","0.3227","ACE","94","0","56","7","8","2","1","2","0","0","421910","2026-08-17T18:00:00+09:00"
"2026-W30","2026-07-20","2026-07-26","2301","강변점","8801000000033","이마트 노브랜드 진간장 900ml","C0010","장류","C001001","간장","409161","29","92225","0.2254","VIP","32","0","105","7","15","2","3","1","3","37248","316936","2026-08-17T18:00:00+09:00"
"2026-W31","2026-07-27","2026-08-02","2301","강변점","8801000000033","이마트 노브랜드 진간장 900ml","C0010","장류","C001001","간장","296289","21","74517","0.2515","VIP","23","0","175","7","25","2","1","2","2","27936","221772","2026-08-17T18:00:00+09:00"
"2026-W32","2026-08-03","2026-08-09","2301","강변점","8801000000033","이마트 노브랜드 진간장 900ml","C0010","장류","C001001","간장","536142","38","109105","0.2035","VIP","56","444998","91","7","13","3","3","3","2","26242","427037","2026-08-17T18:00:00+09:00"
"2026-W33","2026-08-10","2026-08-16","2301","강변점","8801000000033","이마트 노브랜드 진간장 900ml","C0010","장류","C001001","간장","465597","33","102338","0.2198","VIP","69","0","133","7","19","2","3","1","2","24832","363259","2026-08-17T18:00:00+09:00"
"2026-W34","2026-08-17","2026-08-23","2301","강변점","8801000000033","이마트 노브랜드 진간장 900ml","C0010","장류","C001001","간장","268071","19","53373","0.1991","VIP","30","0","168","7","24","3","3","1","0","0","214698","2026-08-17T18:00:00+09:00"
"2026-W30","2026-07-20","2026-07-26","2301","강변점","8801000000034","이마트 노브랜드 양조간장 500ml","C0010","장류","C001001","간장","383616","48","112553","0.2934","GOLD","88","0","105","7","15","2","2","2","4","26852","271063","2026-08-17T18:00:00+09:00"
"2026-W31","2026-07-27","2026-08-02","2301","강변점","8801000000034","이마트 노브랜드 양조간장 500ml","C0010","장류","C001001","간장","559440","70","139301","0.249","GOLD","112","296503","63","7","9","1","3","2","0","0","420139","2026-08-17T18:00:00+09:00"
"2026-W32","2026-08-03","2026-08-09","2301","강변점","8801000000034","이마트 노브랜드 양조간장 500ml","C0010","장류","C001001","간장","423576","53","110807","0.2616","GOLD","70","0","105","7","15","1","3","2","2","16784","312769","2026-08-17T18:00:00+09:00"
"2026-W33","2026-08-10","2026-08-16","2301","강변점","8801000000034","이마트 노브랜드 양조간장 500ml","C0010","장류","C001001","간장","471528","59","116420","0.2469","GOLD","83","0","84","7","12","4","2","2","0","0","355108","2026-08-17T18:00:00+09:00"
"2026-W34","2026-08-17","2026-08-23","2301","강변점","8801000000034","이마트 노브랜드 양조간장 500ml","C0010","장류","C001001","간장","367632","46","105363","0.2866","GOLD","58","0","98","7","14","4","3","3","1","6713","262269","2026-08-17T18:00:00+09:00"
"2026-W30","2026-07-20","2026-07-26","2301","강변점","8801000000035","피코크 한식간장 500ml","C0010","장류","C001001","간장","246560","32","87627","0.3554","ACE","61","160264","147","7","21","2","0","1","2","14178","158933","2026-08-17T18:00:00+09:00"
"2026-W31","2026-07-27","2026-08-02","2301","강변점","8801000000035","피코크 한식간장 500ml","C0010","장류","C001001","간장","177215","23","62823","0.3545","ACE","58","0","140","7","20","4","2","2","3","19878","114392","2026-08-17T18:00:00+09:00"
"2026-W32","2026-08-03","2026-08-09","2301","강변점","8801000000035","피코크 한식간장 500ml","C0010","장류","C001001","간장","177215","23","66190","0.3735","ACE","39","0","196","7","28","3","2","3","1","8013","111025","2026-08-17T18:00:00+09:00"
"2026-W33","2026-08-10","2026-08-16","2301","강변점","8801000000035","피코크 한식간장 500ml","C0010","장류","C001001","간장","246560","32","90389","0.3666","ACE","73","0","126","7","18","3","3","2","2","13098","156171","2026-08-17T18:00:00+09:00"
"2026-W34","2026-08-17","2026-08-23","2301","강변점","8801000000035","피코크 한식간장 500ml","C0010","장류","C001001","간장","246560","32","85088","0.3451","ACE","39","0","119","7","17","3","0","3","0","0","161472","2026-08-17T18:00:00+09:00"
"2026-W30","2026-07-20","2026-07-26","2301","강변점","8801000000036","피코크 저염 양조간장 500ml","C0010","장류","C001001","간장","91164","12","27185","0.2982","GOLD","42","0","238","7","34","1","1","2","1","7065","63979","2026-08-17T18:00:00+09:00"
"2026-W31","2026-07-27","2026-08-02","2301","강변점","8801000000036","피코크 저염 양조간장 500ml","C0010","장류","C001001","간장","91164","12","25298","0.2775","GOLD","32","0","280","7","40","1","3","0","2","13066","65866","2026-08-17T18:00:00+09:00"
"2026-W32","2026-08-03","2026-08-09","2301","강변점","8801000000036","피코크 저염 양조간장 500ml","C0010","장류","C001001","간장","106358","14","27217","0.2559","GOLD","21","0","175","7","25","3","0","2","1","7445","79141","2026-08-17T18:00:00+09:00"
"2026-W33","2026-08-10","2026-08-16","2301","강변점","8801000000036","피코크 저염 양조간장 500ml","C0010","장류","C001001","간장","151940","20","40264","0.265","GOLD","34","0","119","7","17","4","1","1","2","14282","111676","2026-08-17T18:00:00+09:00"
"2026-W34","2026-08-17","2026-08-23","2301","강변점","8801000000036","피코크 저염 양조간장 500ml","C0010","장류","C001001","간장","151940","20","42270","0.2782","GOLD","48","86606","189","7","27","2","2","1","3","20739","109670","2026-08-17T18:00:00+09:00"
"2026-W30","2026-07-20","2026-07-26","2301","강변점","8801000000037","CJ 백설 진간장 500ml","C0010","장류","C001001","간장","521118","78","94010","0.1804","VIP","136","187602","49","7","7","4","1","0","4","21648","427108","2026-08-17T18:00:00+09:00"
"2026-W31","2026-07-27","2026-08-02","2301","강변점","8801000000037","CJ 백설 진간장 500ml","C0010","장류","C001001","간장","380817","57","67138","0.1763","VIP","55","293229","42","7","6","3","3","0","1","6681","313679","2026-08-17T18:00:00+09:00"
"2026-W32","2026-08-03","2026-08-09","2301","강변점","8801000000037","CJ 백설 진간장 500ml","C0010","장류","C001001","간장","561204","84","102869","0.1833","VIP","97","488247","42","7","6","2","2","2","4","27792","458335","2026-08-17T18:00:00+09:00"
"2026-W33","2026-08-10","2026-08-16","2301","강변점","8801000000037","CJ 백설 진간장 500ml","C0010","장류","C001001","간장","374136","56","62368","0.1667","VIP","114","336722","56","7","8","3","3","3","3","16434","311768","2026-08-17T18:00:00+09:00"
"2026-W34","2026-08-17","2026-08-23","2301","강변점","8801000000037","CJ 백설 진간장 500ml","C0010","장류","C001001","간장","454308","68","94860","0.2088","VIP","105","363446","56","7","8","0","2","1","3","17436","359448","2026-08-17T18:00:00+09:00"
"2026-W30","2026-07-20","2026-07-26","2301","강변점","8801000000038","CJ 백설 진간장 1.7L","C0010","장류","C001001","간장","246316","38","61924","0.2514","MVG","44","0","84","7","12","0","2","1","2","11150","184392","2026-08-17T18:00:00+09:00"
"2026-W31","2026-07-27","2026-08-02","2301","강변점","8801000000038","CJ 백설 진간장 1.7L","C0010","장류","C001001","간장","259280","40","65183","0.2514","MVG","43","0","84","7","12","2","2","2","2","10890","194097","2026-08-17T18:00:00+09:00"
"2026-W32","2026-08-03","2026-08-09","2301","강변점","8801000000038","CJ 백설 진간장 1.7L","C0010","장류","C001001","간장","265762","41","66068","0.2486","MVG","104","233871","77","7","11","2","2","1","1","5575","199694","2026-08-17T18:00:00+09:00"
"2026-W33","2026-08-10","2026-08-16","2301","강변점","8801000000038","CJ 백설 진간장 1.7L","C0010","장류","C001001","간장","194460","30","52018","0.2675","MVG","24","0","126","7","18","4","1","1","2","12964","142442","2026-08-17T18:00:00+09:00"
"2026-W34","2026-08-17","2026-08-23","2301","강변점","8801000000038","CJ 백설 진간장 1.7L","C0010","장류","C001001","간장","213906","33","55616","0.26","MVG","61","0","133","7","19","4","1","1","2","13224","158290","2026-08-17T18:00:00+09:00"
"2026-W30","2026-07-20","2026-07-26","2301","강변점","8801000000039","CJ 백설 양조간장 500ml","C0010","장류","C001001","간장","117954","18","44292","0.3755","GOLD","60","0","147","7","21","0","1","1","1","5373","73662","2026-08-17T18:00:00+09:00"
"2026-W31","2026-07-27","2026-08-02","2301","강변점","8801000000039","CJ 백설 양조간장 500ml","C0010","장류","C001001","간장","157272","24","56508","0.3593","GOLD","28","117954","98","7","14","4","2","2","1","5439","100764","2026-08-17T18:00:00+09:00"
"2026-W32","2026-08-03","2026-08-09","2301","강변점","8801000000039","CJ 백설 양조간장 500ml","C0010","장류","C001001","간장","157272","24","57467","0.3654","GOLD","30","0","63","7","9","1","3","2","0","0","99805","2026-08-17T18:00:00+09:00"
"2026-W33","2026-08-10","2026-08-16","2301","강변점","8801000000039","CJ 백설 양조간장 500ml","C0010","장류","C001001","간장","117954","18","42629","0.3614","GOLD","61","0","126","7","18","2","3","1","3","18675","75325","2026-08-17T18:00:00+09:00"
"2026-W34","2026-08-17","2026-08-23","2301","강변점","8801000000039","CJ 백설 양조간장 500ml","C0010","장류","C001001","간장","190037","29","67330","0.3543","GOLD","49","0","77","7","11","4","0","0","2","12712","122707","2026-08-17T18:00:00+09:00"
"2026-W30","2026-07-20","2026-07-26","2301","강변점","8801000000040","CJ 백설 국간장 500ml","C0010","장류","C001001","간장","308660","22","74233","0.2405","ACE","54","111118","63","7","9","2","2","3","3","40827","234427","2026-08-17T18:00:00+09:00"
"2026-W31","2026-07-27","2026-08-02","2301","강변점","8801000000040","CJ 백설 국간장 500ml","C0010","장류","C001001","간장","168360","12","38184","0.2268","ACE","51","0","224","7","32","1","2","3","2","24132","130176","2026-08-17T18:00:00+09:00"
"2026-W32","2026-08-03","2026-08-09","2301","강변점","8801000000040","CJ 백설 국간장 500ml","C0010","장류","C001001","간장","196420","14","46905","0.2388","ACE","32","0","133","7","19","2","0","2","1","13890","149515","2026-08-17T18:00:00+09:00"
"2026-W33","2026-08-10","2026-08-16","2301","강변점","8801000000040","CJ 백설 국간장 500ml","C0010","장류","C001001","간장","266570","19","59712","0.224","ACE","65","0","91","7","13","3","3","1","1","11505","206858","2026-08-17T18:00:00+09:00"
"2026-W34","2026-08-17","2026-08-23","2301","강변점","8801000000040","CJ 백설 국간장 500ml","C0010","장류","C001001","간장","196420","14","50146","0.2553","ACE","48","0","133","7","19","4","0","1","1","12487","146274","2026-08-17T18:00:00+09:00"
"2026-W30","2026-07-20","2026-07-26","2301","강변점","8801000000041","풀무원 자연은맛간장 500ml","C0010","장류","C001001","간장","266038","19","77523","0.2914","GOLD","35","0","224","7","32","2","3","5","2","25764","188515","2026-08-17T18:00:00+09:00"
"2026-W31","2026-07-27","2026-08-02","2301","강변점","8801000000041","풀무원 자연은맛간장 500ml","C0010","장류","C001001","간장","238034","17","76385","0.3209","GOLD","34","0","308","7","44","5","2","0","2","24364","161649","2026-08-17T18:00:00+09:00"
"2026-W32","2026-08-03","2026-08-09","2301","강변점","8801000000041","풀무원 자연은맛간장 500ml","C0010","장류","C001001","간장","294042","21","97769","0.3325","GOLD","61","0","203","7","29","1","3","3","0","0","196273","2026-08-17T18:00:00+09:00"
"2026-W33","2026-08-10","2026-08-16","2301","강변점","8801000000041","풀무원 자연은맛간장 500ml","C0010","장류","C001001","간장","448064","32","133433","0.2978","GOLD","31","0","154","7","22","6","1","1","1","13582","314631","2026-08-17T18:00:00+09:00"
"2026-W34","2026-08-17","2026-08-23","2301","강변점","8801000000041","풀무원 자연은맛간장 500ml","C0010","장류","C001001","간장","476068","34","134918","0.2834","GOLD","47","357051","105","7","15","4","3","3","1","12182","341150","2026-08-17T18:00:00+09:00"
"2026-W30","2026-07-20","2026-07-26","2301","강변점","8801000000042","풀무원 국산콩 양조간장 300ml","C0010","장류","C001001","간장","134720","32","39163","0.2907","VIP","74","0","84","7","12","3","1","3","1","4126","95557","2026-08-17T18:00:00+09:00"
"2026-W31","2026-07-27","2026-08-02","2301","강변점","8801000000042","풀무원 국산콩 양조간장 300ml","C0010","장류","C001001","간장","109460","26","33166","0.303","VIP","64","0","105","7","15","1","5","0","2","7242","76294","2026-08-17T18:00:00+09:00"
"2026-W32","2026-08-03","2026-08-09","2301","강변점","8801000000042","풀무원 국산콩 양조간장 300ml","C0010","장류","C001001","간장","143140","34","43286","0.3024","VIP","35","0","112","7","16","3","2","2","0","0","99854","2026-08-17T18:00:00+09:00"
"2026-W33","2026-08-10","2026-08-16","2301","강변점","8801000000042","풀무원 국산콩 양조간장 300ml","C0010","장류","C001001","간장","122090","29","32793","0.2686","VIP","47","56161","126","7","18","6","2","4","2","6736","89297","2026-08-17T18:00:00+09:00"
"2026-W34","2026-08-17","2026-08-23","2301","강변점","8801000000042","풀무원 국산콩 양조간장 300ml","C0010","장류","C001001","간장","113670","27","34510","0.3036","VIP","43","0","133","7","19","4","5","4","1","3705","79160","2026-08-17T18:00:00+09:00"
"2026-W30","2026-07-20","2026-07-26","2301","강변점","8801000000043","해표 양조간장 500ml","C0010","장류","C001001","간장","145926","22","29521","0.2023","ACE","38","0","28","7","4","6","3","3","2","13266","116405","2026-08-17T18:00:00+09:00"
"2026-W31","2026-07-27","2026-08-02","2301","강변점","8801000000043","해표 양조간장 500ml","C0010","장류","C001001","간장","119394","18","25861","0.2166","ACE","60","0","70","7","10","3","2","4","3","19302","93533","2026-08-17T18:00:00+09:00"
"2026-W32","2026-08-03","2026-08-09","2301","강변점","8801000000043","해표 양조간장 500ml","C0010","장류","C001001","간장","185724","28","32075","0.1727","ACE","86","154151","42","7","6","6","1","2","1","6368","153649","2026-08-17T18:00:00+09:00"
"2026-W33","2026-08-10","2026-08-16","2301","강변점","8801000000043","해표 양조간장 500ml","C0010","장류","C001001","간장","159192","24","27620","0.1735","ACE","34","0","42","7","6","1","2","1","5","32170","131572","2026-08-17T18:00:00+09:00"
"2026-W34","2026-08-17","2026-08-23","2301","강변점","8801000000043","해표 양조간장 500ml","C0010","장류","C001001","간장","165825","25","29666","0.1789","ACE","26","0","49","7","7","5","3","1","3","16119","136159","2026-08-17T18:00:00+09:00"
"2026-W30","2026-07-20","2026-07-26","2301","강변점","8801000000044","해표 진간장 900ml","C0010","장류","C001001","간장","358484","31","64886","0.181","GOLD","35","0","84","7","12","2","2","3","3","29835","293598","2026-08-17T18:00:00+09:00"
"2026-W31","2026-07-27","2026-08-02","2301","강변점","8801000000044","해표 진간장 900ml","C0010","장류","C001001","간장","381612","33","73422","0.1924","GOLD","34","186990","91","7","13","1","4","1","0","0","308190","2026-08-17T18:00:00+09:00"
"2026-W32","2026-08-03","2026-08-09","2301","강변점","8801000000044","해표 진간장 900ml","C0010","장류","C001001","간장","335356","29","80519","0.2401","GOLD","45","0","91","7","13","5","5","0","2","23590","254837","2026-08-17T18:00:00+09:00"
"2026-W33","2026-08-10","2026-08-16","2301","강변점","8801000000044","해표 진간장 900ml","C0010","장류","C001001","간장","404740","35","71396","0.1764","GOLD","50","0","77","7","11","4","1","4","4","40704","333344","2026-08-17T18:00:00+09:00"
"2026-W34","2026-08-17","2026-08-23","2301","강변점","8801000000044","해표 진간장 900ml","C0010","장류","C001001","간장","254408","22","46913","0.1844","GOLD","62","0","147","7","21","3","2","1","2","22202","207495","2026-08-17T18:00:00+09:00"
"2026-W30","2026-07-20","2026-07-26","2301","강변점","8801000000045","기꼬만 특선간장 500ml","C0010","장류","C001001","간장","95046","7","30130","0.317","VIP","45","64631","518","7","74","5","0","3","2","27428","64916","2026-08-17T18:00:00+09:00"
"2026-W31","2026-07-27","2026-08-02","2301","강변점","8801000000045","기꼬만 특선간장 500ml","C0010","장류","C001001","간장","81468","6","29345","0.3602","VIP","30","0","532","7","76","4","3","1","5","57705","52123","2026-08-17T18:00:00+09:00"
"2026-W32","2026-08-03","2026-08-09","2301","강변점","8801000000045","기꼬만 특선간장 500ml","C0010","장류","C001001","간장","108624","8","38996","0.359","VIP","48","0","301","7","43","0","3","3","5","71285","69628","2026-08-17T18:00:00+09:00"
"2026-W33","2026-08-10","2026-08-16","2301","강변점","8801000000045","기꼬만 특선간장 500ml","C0010","장류","C001001","간장","81468","6","26591","0.3264","VIP","20","0","518","7","74","5","2","1","1","11541","54877","2026-08-17T18:00:00+09:00"
"2026-W34","2026-08-17","2026-08-23","2301","강변점","8801000000045","기꼬만 특선간장 500ml","C0010","장류","C001001","간장","95046","7","32363","0.3405","VIP","11","0","350","7","50","2","1","2","2","25798","62683","2026-08-17T18:00:00+09:00"
"2026-W30","2026-07-20","2026-07-26","2301","강변점","8801000000046","기꼬만 저염간장 500ml","C0010","장류","C001001","간장","175045","13","35499","0.2028","GOLD","57","0","322","7","46","6","5","2","6","76752","139546","2026-08-17T18:00:00+09:00"
"2026-W31","2026-07-27","2026-08-02","2301","강변점","8801000000046","기꼬만 저염간장 500ml","C0010","장류","C001001","간장","242370","18","55527","0.2291","GOLD","54","0","245","7","35","5","5","3","6","75942","186843","2026-08-17T18:00:00+09:00"
"2026-W32","2026-08-03","2026-08-09","2301","강변점","8801000000046","기꼬만 저염간장 500ml","C0010","장류","C001001","간장","215440","16","44812","0.208","GOLD","49","0","224","7","32","3","2","2","2","26660","170628","2026-08-17T18:00:00+09:00"
"2026-W33","2026-08-10","2026-08-16","2301","강변점","8801000000046","기꼬만 저염간장 500ml","C0010","장류","C001001","간장","161580","12","34659","0.2145","GOLD","19","0","385","7","55","0","2","2","3","41607","126921","2026-08-17T18:00:00+09:00"
"2026-W34","2026-08-17","2026-08-23","2301","강변점","8801000000046","기꼬만 저염간장 500ml","C0010","장류","C001001","간장","296230","22","61675","0.2082","GOLD","38","162926","203","7","29","1","5","2","1","11715","234555","2026-08-17T18:00:00+09:00"
"2026-W30","2026-07-20","2026-07-26","2301","강변점","8801000000047","마루킨 양조간장 500ml","C0010","장류","C001001","간장","8210","2","1947","0.2372","ACE","34","0","539","7","77","6","4","0","4","14944","6263","2026-08-17T18:00:00+09:00"
"2026-W31","2026-07-27","2026-08-02","2301","강변점","8801000000047","마루킨 양조간장 500ml","C0010","장류","C001001","간장","8210","2","1734","0.2112","ACE","46","0","392","7","56","3","3","4","2","6732","6476","2026-08-17T18:00:00+09:00"
"2026-W32","2026-08-03","2026-08-09","2301","강변점","8801000000047","마루킨 양조간장 500ml","C0010","장류","C001001","간장","12315","3","2645","0.2148","ACE","37","0","553","7","79","2","5","1","2","7882","9670","2026-08-17T18:00:00+09:00"
"2026-W33","2026-08-10","2026-08-16","2301","강변점","8801000000047","마루킨 양조간장 500ml","C0010","장류","C001001","간장","8210","2","1648","0.2007","ACE","27","6322","392","7","56","2","3","4","4","16092","6562","2026-08-17T18:00:00+09:00"
"2026-W34","2026-08-17","2026-08-23","2301","강변점","8801000000047","마루킨 양조간장 500ml","C0010","장류","C001001","간장","12315","3","3154","0.2561","ACE","17","0","343","7","49","1","1","4","0","0","9161","2026-08-17T18:00:00+09:00"
"2026-W30","2026-07-20","2026-07-26","2301","강변점","8801000000048","야마사 사시미간장 500ml","C0010","장류","C001001","간장","70482","17","17458","0.2477","GOLD","66","0","56","7","8","1","2","3","2","8458","53024","2026-08-17T18:00:00+09:00"
"2026-W31","2026-07-27","2026-08-02","2301","강변점","8801000000048","야마사 사시미간장 500ml","C0010","장류","C001001","간장","70482","17","16380","0.2324","GOLD","42","0","49","7","7","5","0","1","2","8624","54102","2026-08-17T18:00:00+09:00"
"2026-W32","2026-08-03","2026-08-09","2301","강변점","8801000000048","야마사 사시미간장 500ml","C0010","장류","C001001","간장","132672","32","33924","0.2557","GOLD","67","90217","7","7","1","3","1","1","1","4187","98748","2026-08-17T18:00:00+09:00"
"2026-W33","2026-08-10","2026-08-16","2301","강변점","8801000000048","야마사 사시미간장 500ml","C0010","장류","C001001","간장","107796","26","31261","0.29","GOLD","38","0","21","7","3","6","5","2","6","25374","76535","2026-08-17T18:00:00+09:00"
"2026-W34","2026-08-17","2026-08-23","2301","강변점","8801000000048","야마사 사시미간장 500ml","C0010","장류","C001001","간장","95358","23","28035","0.294","GOLD","52","0","35","7","5","5","2","2","5","20730","67323","2026-08-17T18:00:00+09:00"
"2026-W30","2026-07-20","2026-07-26","2301","강변점","8801000000049","샘표 우리아이 순한간장 200ml","C0010","장류","C001001","간장","46488","6","9767","0.2101","VIP","23","39515","672","7","96","2","2","3","4","29752","36721","2026-08-17T18:00:00+09:00"
"2026-W31","2026-07-27","2026-08-02","2301","강변점","8801000000049","샘표 우리아이 순한간장 200ml","C0010","장류","C001001","간장","54236","7","8808","0.1624","VIP","7","21694","448","7","64","5","2","4","4","30992","45428","2026-08-17T18:00:00+09:00"
"2026-W32","2026-08-03","2026-08-09","2301","강변점","8801000000049","샘표 우리아이 순한간장 200ml","C0010","장류","C001001","간장","46488","6","9414","0.2025","VIP","46","25104","441","7","63","0","4","4","5","30990","37074","2026-08-17T18:00:00+09:00"
"2026-W33","2026-08-10","2026-08-16","2301","강변점","8801000000049","샘표 우리아이 순한간장 200ml","C0010","장류","C001001","간장","54236","7","11053","0.2038","VIP","12","35253","490","7","70","4","2","3","4","31920","43183","2026-08-17T18:00:00+09:00"
"2026-W34","2026-08-17","2026-08-23","2301","강변점","8801000000049","샘표 우리아이 순한간장 200ml","C0010","장류","C001001","간장","46488","6","8200","0.1764","VIP","38","35331","693","7","99","0","1","1","3","23244","38288","2026-08-17T18:00:00+09:00"
"2026-W30","2026-07-20","2026-07-26","2301","강변점","8801000000050","청정원 유기농 양조간장 500ml","C0010","장류","C001001","간장","291421","29","74079","0.2542","MVG","72","122397","84","7","12","5","3","2","1","9145","217342","2026-08-17T18:00:00+09:00"
"2026-W31","2026-07-27","2026-08-02","2301","강변점","8801000000050","청정원 유기농 양조간장 500ml","C0010","장류","C001001","간장","281372","28","72003","0.2559","MVG","51","0","98","7","14","2","4","4","1","9346","209369","2026-08-17T18:00:00+09:00"
"2026-W32","2026-08-03","2026-08-09","2301","강변점","8801000000050","청정원 유기농 양조간장 500ml","C0010","장류","C001001","간장","231127","23","54685","0.2366","MVG","52","0","147","7","21","5","2","1","2","18088","176442","2026-08-17T18:00:00+09:00"
"2026-W33","2026-08-10","2026-08-16","2301","강변점","8801000000050","청정원 유기농 양조간장 500ml","C0010","장류","C001001","간장","331617","33","88641","0.2673","MVG","54","0","70","7","10","4","2","1","1","8944","242976","2026-08-17T18:00:00+09:00"
"2026-W34","2026-08-17","2026-08-23","2301","강변점","8801000000050","청정원 유기농 양조간장 500ml","C0010","장류","C001001","간장","251225","25","73559","0.2928","MVG","65","0","147","7","21","5","1","3","4","32560","177666","2026-08-17T18:00:00+09:00"
"2026-W30","2026-07-20","2026-07-26","2302","월드점","8801000000001","샘표 양조간장 501 500ml","C0010","장류","C001001","간장","1609705","215","557280","0.3462","MVG","271","0","21","7","3","1","1","0","0","0","1052425","2026-08-17T18:00:00+09:00"
"2026-W31","2026-07-27","2026-08-02","2302","월드점","8801000000001","샘표 양조간장 501 500ml","C0010","장류","C001001","간장","1287764","172","396503","0.3079","MVG","273","0","28","7","4","1","0","1","1","6439","891261","2026-08-17T18:00:00+09:00"
"2026-W32","2026-08-03","2026-08-09","2302","월드점","8801000000001","샘표 양조간장 501 500ml","C0010","장류","C001001","간장","1564783","209","541258","0.3459","MVG","226","0","14","7","2","0","0","1","1","6888","1023525","2026-08-17T18:00:00+09:00"
"2026-W33","2026-08-10","2026-08-16","2302","월드점","8801000000001","샘표 양조간장 501 500ml","C0010","장류","C001001","간장","1602218","214","505179","0.3153","MVG","266","0","14","7","2","0","0","0","1","7712","1097039","2026-08-17T18:00:00+09:00"
"2026-W34","2026-08-17","2026-08-23","2302","월드점","8801000000001","샘표 양조간장 501 500ml","C0010","장류","C001001","간장","2021490","270","698627","0.3456","MVG","227","1576762","14","7","2","1","0","0","1","7038","1322863","2026-08-17T18:00:00+09:00"
"2026-W30","2026-07-20","2026-07-26","2302","월드점","8801000000002","샘표 양조간장 501 930ml","C0010","장류","C001001","간장","1530696","188","381296","0.2491","VIP","174","0","21","7","3","1","1","0","0","0","1149400","2026-08-17T18:00:00+09:00"
"2026-W31","2026-07-27","2026-08-02","2302","월드점","8801000000002","샘표 양조간장 501 930ml","C0010","장류","C001001","간장","1530696","188","330018","0.2156","VIP","191","0","28","7","4","1","1","0","1","6676","1200678","2026-08-17T18:00:00+09:00"
"2026-W32","2026-08-03","2026-08-09","2302","월드점","8801000000002","샘표 양조간장 501 930ml","C0010","장류","C001001","간장","1620258","199","419647","0.259","VIP","158","0","21","7","3","0","0","0","1","7328","1200611","2026-08-17T18:00:00+09:00"
"2026-W33","2026-08-10","2026-08-16","2302","월드점","8801000000002","샘표 양조간장 501 930ml","C0010","장류","C001001","간장","1506270","185","424316","0.2817","VIP","240","1385768","28","7","4","1","0","0","1","8223","1081954","2026-08-17T18:00:00+09:00"
"2026-W34","2026-08-17","2026-08-23","2302","월드점","8801000000002","샘표 양조간장 501 930ml","C0010","장류","C001001","간장","1123596","138","263708","0.2347","VIP","182","0","35","7","5","1","1","1","0","0","859888","2026-08-17T18:00:00+09:00"
"2026-W30","2026-07-20","2026-07-26","2302","월드점","8801000000003","샘표 양조간장 701 500ml","C0010","장류","C001001","간장","1008882","157","331317","0.3284","GOLD","285","353109","21","7","3","0","0","0","0","0","677565","2026-08-17T18:00:00+09:00"
"2026-W31","2026-07-27","2026-08-02","2302","월드점","8801000000003","샘표 양조간장 701 500ml","C0010","장류","C001001","간장","1355886","211","442290","0.3262","GOLD","365","1057591","21","7","3","1","1","0","0","0","913596","2026-08-17T18:00:00+09:00"
"2026-W32","2026-08-03","2026-08-09","2302","월드점","8801000000003","샘표 양조간장 701 500ml","C0010","장류","C001001","간장","1600074","249","535705","0.3348","GOLD","206","1376064","7","7","1","0","1","0","1","5976","1064369","2026-08-17T18:00:00+09:00"
"2026-W33","2026-08-10","2026-08-16","2302","월드점","8801000000003","샘표 양조간장 701 500ml","C0010","장류","C001001","간장","1130976","176","416312","0.3681","GOLD","204","418461","28","7","4","1","1","1","0","0","714664","2026-08-17T18:00:00+09:00"
"2026-W34","2026-08-17","2026-08-23","2302","월드점","8801000000003","샘표 양조간장 701 500ml","C0010","장류","C001001","간장","1066716","166","372817","0.3495","GOLD","286","693365","21","7","3","1","1","1","0","0","693899","2026-08-17T18:00:00+09:00"
"2026-W30","2026-07-20","2026-07-26","2302","월드점","8801000000004","샘표 양조간장 701 930ml","C0010","장류","C001001","간장","1164510","171","262830","0.2257","MVG","167","0","21","7","3","1","1","1","0","0","901680","2026-08-17T18:00:00+09:00"
"2026-W31","2026-07-27","2026-08-02","2302","월드점","8801000000004","샘표 양조간장 701 930ml","C0010","장류","C001001","간장","1246230","183","316667","0.2541","MVG","250","448643","21","7","3","0","1","1","0","0","929563","2026-08-17T18:00:00+09:00"
"2026-W32","2026-08-03","2026-08-09","2302","월드점","8801000000004","샘표 양조간장 701 930ml","C0010","장류","C001001","간장","1239420","182","263253","0.2124","MVG","243","0","14","7","2","1","1","0","1","6810","976167","2026-08-17T18:00:00+09:00"
"2026-W33","2026-08-10","2026-08-16","2302","월드점","8801000000004","샘표 양조간장 701 930ml","C0010","장류","C001001","간장","1518630","223","331061","0.218","MVG","293","0","14","7","2","1","0","1","0","0","1187569","2026-08-17T18:00:00+09:00"
"2026-W34","2026-08-17","2026-08-23","2302","월드점","8801000000004","샘표 양조간장 701 930ml","C0010","장류","C001001","간장","1484580","218","386733","0.2605","MVG","201","0","14","7","2","0","0","1","1","6742","1097847","2026-08-17T18:00:00+09:00"
"2026-W30","2026-07-20","2026-07-26","2302","월드점","8801000000005","샘표 진간장 금F3 500ml","C0010","장류","C001001","간장","2406344","248","485600","0.2018","VIP","328","1636314","14","7","2","0","0","1","0","0","1920744","2026-08-17T18:00:00+09:00"
"2026-W31","2026-07-27","2026-08-02","2302","월드점","8801000000005","샘표 진간장 금F3 500ml","C0010","장류","C001001","간장","1562183","161","370394","0.2371","VIP","305","0","21","7","3","0","0","1","1","8053","1191789","2026-08-17T18:00:00+09:00"
"2026-W32","2026-08-03","2026-08-09","2302","월드점","8801000000005","샘표 진간장 금F3 500ml","C0010","장류","C001001","간장","1484559","153","316063","0.2129","VIP","184","0","21","7","3","1","1","0","0","0","1168496","2026-08-17T18:00:00+09:00"
"2026-W33","2026-08-10","2026-08-16","2302","월드점","8801000000005","샘표 진간장 금F3 500ml","C0010","장류","C001001","간장","2425750","250","553071","0.228","VIP","280","0","14","7","2","1","0","0","0","0","1872679","2026-08-17T18:00:00+09:00"
"2026-W34","2026-08-17","2026-08-23","2302","월드점","8801000000005","샘표 진간장 금F3 500ml","C0010","장류","C001001","간장","2386938","246","466885","0.1956","VIP","431","0","7","7","1","1","1","0","1","8636","1920053","2026-08-17T18:00:00+09:00"
"2026-W30","2026-07-20","2026-07-26","2302","월드점","8801000000006","샘표 진간장 금F3 930ml","C0010","장류","C001001","간장","667894","107","118418","0.1773","GOLD","136","0","42","7","6","0","1","1","1","5555","549476","2026-08-17T18:00:00+09:00"
"2026-W31","2026-07-27","2026-08-02","2302","월드점","8801000000006","샘표 진간장 금F3 930ml","C0010","장류","C001001","간장","711588","114","124741","0.1753","GOLD","123","0","42","7","6","0","0","1","0","0","586847","2026-08-17T18:00:00+09:00"
"2026-W32","2026-08-03","2026-08-09","2302","월드점","8801000000006","샘표 진간장 금F3 930ml","C0010","장류","C001001","간장","830186","133","159645","0.1923","GOLD","129","0","28","7","4","1","1","1","1","5243","670541","2026-08-17T18:00:00+09:00"
"2026-W33","2026-08-10","2026-08-16","2302","월드점","8801000000006","샘표 진간장 금F3 930ml","C0010","장류","C001001","간장","898848","144","164579","0.1831","GOLD","139","0","28","7","4","0","1","1","0","0","734269","2026-08-17T18:00:00+09:00"
"2026-W34","2026-08-17","2026-08-23","2302","월드점","8801000000006","샘표 진간장 금F3 930ml","C0010","장류","C001001","간장","1248400","200","259917","0.2082","GOLD","350","486876","14","7","2","0","1","0","1","5992","988483","2026-08-17T18:00:00+09:00"
"2026-W30","2026-07-20","2026-07-26","2302","월드점","8801000000007","샘표 진간장 S 1.7L","C0010","장류","C001001","간장","480614","118","114146","0.2375","ACE","164","0","21","7","3","1","0","1","0","0","366468","2026-08-17T18:00:00+09:00"
"2026-W31","2026-07-27","2026-08-02","2302","월드점","8801000000007","샘표 진간장 S 1.7L","C0010","장류","C001001","간장","342132","84","81051","0.2369","ACE","106","0","35","7","5","0","1","0","1","3340","261081","2026-08-17T18:00:00+09:00"
"2026-W32","2026-08-03","2026-08-09","2302","월드점","8801000000007","샘표 진간장 S 1.7L","C0010","장류","C001001","간장","439884","108","108519","0.2467","ACE","99","0","14","7","2","1","0","1","1","3706","331365","2026-08-17T18:00:00+09:00"
"2026-W33","2026-08-10","2026-08-16","2302","월드점","8801000000007","샘표 진간장 S 1.7L","C0010","장류","C001001","간장","492833","121","110641","0.2245","ACE","111","202062","14","7","2","0","1","0","0","0","382192","2026-08-17T18:00:00+09:00"
"2026-W34","2026-08-17","2026-08-23","2302","월드점","8801000000007","샘표 진간장 S 1.7L","C0010","장류","C001001","간장","623169","153","137159","0.2201","ACE","181","0","7","7","1","0","0","0","1","4032","486010","2026-08-17T18:00:00+09:00"
"2026-W30","2026-07-20","2026-07-26","2302","월드점","8801000000008","샘표 국간장 500ml","C0010","장류","C001001","간장","792192","128","198999","0.2512","GOLD","132","0","42","7","6","0","1","0","0","0","593193","2026-08-17T18:00:00+09:00"
"2026-W31","2026-07-27","2026-08-02","2302","월드점","8801000000008","샘표 국간장 500ml","C0010","장류","C001001","간장","891216","144","245886","0.2759","GOLD","158","0","35","7","5","0","0","0","1","5261","645330","2026-08-17T18:00:00+09:00"
"2026-W32","2026-08-03","2026-08-09","2302","월드점","8801000000008","샘표 국간장 500ml","C0010","장류","C001001","간장","1243989","201","377426","0.3034","GOLD","290","796153","14","7","2","0","0","0","1","6437","866563","2026-08-17T18:00:00+09:00"
"2026-W33","2026-08-10","2026-08-16","2302","월드점","8801000000008","샘표 국간장 500ml","C0010","장류","C001001","간장","1064508","172","306153","0.2876","GOLD","124","0","28","7","4","0","1","1","1","5384","758355","2026-08-17T18:00:00+09:00"
"2026-W34","2026-08-17","2026-08-23","2302","월드점","8801000000008","샘표 국간장 500ml","C0010","장류","C001001","간장","1268745","205","358547","0.2826","GOLD","312","0","21","7","3","1","1","1","1","6065","910198","2026-08-17T18:00:00+09:00"
"2026-W30","2026-07-20","2026-07-26","2302","월드점","8801000000009","샘표 국간장 930ml","C0010","장류","C001001","간장","1271025","189","431513","0.3395","VIP","179","0","14","7","2","1","0","0","0","0","839512","2026-08-17T18:00:00+09:00"
"2026-W31","2026-07-27","2026-08-02","2302","월드점","8801000000009","샘표 국간장 930ml","C0010","장류","C001001","간장","1244125","185","430467","0.346","VIP","235","534974","14","7","2","1","0","0","1","6523","813658","2026-08-17T18:00:00+09:00"
"2026-W32","2026-08-03","2026-08-09","2302","월드점","8801000000009","샘표 국간장 930ml","C0010","장류","C001001","간장","1297925","193","456221","0.3515","VIP","312","0","7","7","1","0","1","0","0","0","841704","2026-08-17T18:00:00+09:00"
"2026-W33","2026-08-10","2026-08-16","2302","월드점","8801000000009","샘표 국간장 930ml","C0010","장류","C001001","간장","1250850","186","429417","0.3433","VIP","132","0","7","7","1","1","1","0","1","6927","821433","2026-08-17T18:00:00+09:00"
"2026-W34","2026-08-17","2026-08-23","2302","월드점","8801000000009","샘표 국간장 930ml","C0010","장류","C001001","간장","921325","137","328084","0.3561","VIP","176","0","21","7","3","0","1","0","0","0","593241","2026-08-17T18:00:00+09:00"
"2026-W30","2026-07-20","2026-07-26","2302","월드점","8801000000010","샘표 조림간장 500ml","C0010","장류","C001001","간장","1214224","88","312784","0.2576","ACE","131","570685","21","7","3","0","1","0","0","0","901440","2026-08-17T18:00:00+09:00"
"2026-W31","2026-07-27","2026-08-02","2302","월드점","8801000000010","샘표 조림간장 500ml","C0010","장류","C001001","간장","1034850","75","269889","0.2608","ACE","92","0","21","7","3","1","0","1","0","0","764961","2026-08-17T18:00:00+09:00"
"2026-W32","2026-08-03","2026-08-09","2302","월드점","8801000000010","샘표 조림간장 500ml","C0010","장류","C001001","간장","1255618","91","355089","0.2828","ACE","181","0","21","7","3","0","0","1","1","12832","900529","2026-08-17T18:00:00+09:00"
"2026-W33","2026-08-10","2026-08-16","2302","월드점","8801000000010","샘표 조림간장 500ml","C0010","장류","C001001","간장","1214224","88","345568","0.2846","ACE","162","0","21","7","3","0","0","0","1","13660","868656","2026-08-17T18:00:00+09:00"
"2026-W34","2026-08-17","2026-08-23","2302","월드점","8801000000010","샘표 조림간장 500ml","C0010","장류","C001001","간장","1159032","84","325688","0.281","ACE","71","0","28","7","4","1","1","0","1","14350","833344","2026-08-17T18:00:00+09:00"
"2026-W30","2026-07-20","2026-07-26","2302","월드점","8801000000011","샘표 맛간장 국찌개용 500ml","C0010","장류","C001001","간장","496125","49","98878","0.1993","GOLD","80","0","84","7","12","1","1","2","0","0","397247","2026-08-17T18:00:00+09:00"
"2026-W31","2026-07-27","2026-08-02","2302","월드점","8801000000011","샘표 맛간장 국찌개용 500ml","C0010","장류","C001001","간장","516375","51","132347","0.2563","GOLD","56","0","70","7","10","1","1","1","2","20452","384028","2026-08-17T18:00:00+09:00"
"2026-W32","2026-08-03","2026-08-09","2302","월드점","8801000000011","샘표 맛간장 국찌개용 500ml","C0010","장류","C001001","간장","587250","58","138767","0.2363","GOLD","105","0","56","7","8","0","1","2","1","8302","448483","2026-08-17T18:00:00+09:00"
"2026-W33","2026-08-10","2026-08-16","2302","월드점","8801000000011","샘표 맛간장 국찌개용 500ml","C0010","장류","C001001","간장","374625","37","87924","0.2347","GOLD","75","0","105","7","15","1","1","0","0","0","286701","2026-08-17T18:00:00+09:00"
"2026-W34","2026-08-17","2026-08-23","2302","월드점","8801000000011","샘표 맛간장 국찌개용 500ml","C0010","장류","C001001","간장","577125","57","132392","0.2294","GOLD","87","398216","49","7","7","1","0","1","1","8302","444733","2026-08-17T18:00:00+09:00"
"2026-W30","2026-07-20","2026-07-26","2302","월드점","8801000000012","샘표 맛간장 조림볶음용 500ml","C0010","장류","C001001","간장","775030","97","241964","0.3122","VIP","92","0","56","7","8","3","1","1","0","0","533066","2026-08-17T18:00:00+09:00"
"2026-W31","2026-07-27","2026-08-02","2302","월드점","8801000000012","샘표 맛간장 조림볶음용 500ml","C0010","장류","C001001","간장","806990","101","296085","0.3669","VIP","118","0","42","7","6","1","1","2","1","7271","510905","2026-08-17T18:00:00+09:00"
"2026-W32","2026-08-03","2026-08-09","2302","월드점","8801000000012","샘표 맛간장 조림볶음용 500ml","C0010","장류","C001001","간장","1214480","152","438792","0.3613","VIP","128","0","28","7","4","3","2","1","1","8310","775688","2026-08-17T18:00:00+09:00"
"2026-W33","2026-08-10","2026-08-16","2302","월드점","8801000000012","샘표 맛간장 조림볶음용 500ml","C0010","장류","C001001","간장","1302370","163","429001","0.3294","VIP","170","455830","35","7","5","1","1","2","1","6472","873369","2026-08-17T18:00:00+09:00"
"2026-W34","2026-08-17","2026-08-23","2302","월드점","8801000000012","샘표 맛간장 조림볶음용 500ml","C0010","장류","C001001","간장","1022720","128","353861","0.346","VIP","141","0","28","7","4","1","0","1","1","6951","668859","2026-08-17T18:00:00+09:00"
"2026-W30","2026-07-20","2026-07-26","2302","월드점","8801000000013","청정원 햇살담은 양조간장 500ml","C0010","장류","C001001","간장","1472728","152","398962","0.2709","MVG","202","0","28","7","4","1","1","1","2","17634","1073766","2026-08-17T18:00:00+09:00"
"2026-W31","2026-07-27","2026-08-02","2302","월드점","8801000000013","청정원 햇살담은 양조간장 500ml","C0010","장류","C001001","간장","910766","94","213939","0.2349","MVG","86","0","35","7","5","0","0","1","2","16858","696827","2026-08-17T18:00:00+09:00"
"2026-W32","2026-08-03","2026-08-09","2302","월드점","8801000000013","청정원 햇살담은 양조간장 500ml","C0010","장류","C001001","간장","1463039","151","362687","0.2479","MVG","190","848563","21","7","3","2","0","0","2","16472","1100352","2026-08-17T18:00:00+09:00"
"2026-W33","2026-08-10","2026-08-16","2302","월드점","8801000000013","청정원 햇살담은 양조간장 500ml","C0010","장류","C001001","간장","1559929","161","382963","0.2455","MVG","164","0","14","7","2","3","1","1","1","9011","1176966","2026-08-17T18:00:00+09:00"
"2026-W34","2026-08-17","2026-08-23","2302","월드점","8801000000013","청정원 햇살담은 양조간장 500ml","C0010","장류","C001001","간장","1424283","147","397375","0.279","MVG","239","0","28","7","4","1","1","1","2","18796","1026908","2026-08-17T18:00:00+09:00"
"2026-W30","2026-07-20","2026-07-26","2302","월드점","8801000000014","청정원 햇살담은 양조간장 840ml","C0010","장류","C001001","간장","201858","51","50041","0.2479","VIP","78","175616","42","7","6","1","0","2","2","6570","151817","2026-08-17T18:00:00+09:00"
"2026-W31","2026-07-27","2026-08-02","2302","월드점","8801000000014","청정원 햇살담은 양조간장 840ml","C0010","장류","C001001","간장","245396","62","63827","0.2601","VIP","92","93250","56","7","8","3","0","2","0","0","181569","2026-08-17T18:00:00+09:00"
"2026-W32","2026-08-03","2026-08-09","2302","월드점","8801000000014","청정원 햇살담은 양조간장 840ml","C0010","장류","C001001","간장","348304","88","84429","0.2424","VIP","146","181118","35","7","5","2","1","1","1","3800","263875","2026-08-17T18:00:00+09:00"
"2026-W33","2026-08-10","2026-08-16","2302","월드점","8801000000014","청정원 햇살담은 양조간장 840ml","C0010","장류","C001001","간장","328514","83","69612","0.2119","VIP","68","269381","35","7","5","1","2","0","2","6650","258902","2026-08-17T18:00:00+09:00"
"2026-W34","2026-08-17","2026-08-23","2302","월드점","8801000000014","청정원 햇살담은 양조간장 840ml","C0010","장류","C001001","간장","372052","94","98891","0.2658","VIP","97","308803","42","7","6","2","2","1","2","8154","273161","2026-08-17T18:00:00+09:00"
"2026-W30","2026-07-20","2026-07-26","2302","월드점","8801000000015","청정원 햇살담은 진간장 500ml","C0010","장류","C001001","간장","834190","85","274031","0.3285","GOLD","92","308650","35","7","5","2","2","1","0","0","560159","2026-08-17T18:00:00+09:00"
"2026-W31","2026-07-27","2026-08-02","2302","월드점","8801000000015","청정원 햇살담은 진간장 500ml","C0010","장류","C001001","간장","490700","50","157220","0.3204","GOLD","70","0","84","7","12","2","0","1","0","0","333480","2026-08-17T18:00:00+09:00"
"2026-W32","2026-08-03","2026-08-09","2302","월드점","8801000000015","청정원 햇살담은 진간장 500ml","C0010","장류","C001001","간장","657538","67","226259","0.3441","GOLD","82","0","63","7","9","2","1","1","2","20020","431279","2026-08-17T18:00:00+09:00"
"2026-W33","2026-08-10","2026-08-16","2302","월드점","8801000000015","청정원 햇살담은 진간장 500ml","C0010","장류","C001001","간장","647724","66","219514","0.3389","GOLD","76","0","63","7","9","0","0","0","0","0","428210","2026-08-17T18:00:00+09:00"
"2026-W34","2026-08-17","2026-08-23","2302","월드점","8801000000015","청정원 햇살담은 진간장 500ml","C0010","장류","C001001","간장","785120","80","248726","0.3168","GOLD","101","0","49","7","7","1","2","2","2","20216","536394","2026-08-17T18:00:00+09:00"
"2026-W30","2026-07-20","2026-07-26","2302","월드점","8801000000016","청정원 햇살담은 진간장 1.7L","C0010","장류","C001001","간장","523108","38","106191","0.203","ACE","60","0","140","7","20","2","1","1","1","13904","416917","2026-08-17T18:00:00+09:00"
"2026-W31","2026-07-27","2026-08-02","2302","월드점","8801000000016","청정원 햇살담은 진간장 1.7L","C0010","장류","C001001","간장","509342","37","101665","0.1996","ACE","88","0","161","7","23","2","1","1","3","35103","407677","2026-08-17T18:00:00+09:00"
"2026-W32","2026-08-03","2026-08-09","2302","월드점","8801000000016","청정원 햇살담은 진간장 1.7L","C0010","장류","C001001","간장","591938","43","102701","0.1735","ACE","104","0","126","7","18","0","1","2","0","0","489237","2026-08-17T18:00:00+09:00"
"2026-W33","2026-08-10","2026-08-16","2302","월드점","8801000000016","청정원 햇살담은 진간장 1.7L","C0010","장류","C001001","간장","798428","58","185635","0.2325","ACE","118","0","98","7","14","2","1","1","1","11288","612793","2026-08-17T18:00:00+09:00"
"2026-W34","2026-08-17","2026-08-23","2302","월드점","8801000000016","청정원 햇살담은 진간장 1.7L","C0010","장류","C001001","간장","688300","50","116460","0.1692","ACE","98","268437","98","7","14","1","0","1","2","28634","571840","2026-08-17T18:00:00+09:00"
"2026-W30","2026-07-20","2026-07-26","2302","월드점","8801000000017","청정원 햇살담은 국간장 500ml","C0010","장류","C001001","간장","785173","67","224402","0.2858","GOLD","117","0","21","7","3","0","2","1","1","9375","560771","2026-08-17T18:00:00+09:00"
"2026-W31","2026-07-27","2026-08-02","2302","월드점","8801000000017","청정원 햇살담은 국간장 500ml","C0010","장류","C001001","간장","843768","72","252709","0.2995","GOLD","91","0","28","7","4","2","1","0","0","0","591059","2026-08-17T18:00:00+09:00"
"2026-W32","2026-08-03","2026-08-09","2302","월드점","8801000000017","청정원 햇살담은 국간장 500ml","C0010","장류","C001001","간장","1125024","96","374970","0.3333","GOLD","174","0","28","7","4","0","1","2","2","23438","750054","2026-08-17T18:00:00+09:00"
"2026-W33","2026-08-10","2026-08-16","2302","월드점","8801000000017","청정원 햇살담은 국간장 500ml","C0010","장류","C001001","간장","1242214","106","386453","0.3111","GOLD","89","857128","7","7","1","1","1","0","2","22500","855761","2026-08-17T18:00:00+09:00"
"2026-W34","2026-08-17","2026-08-23","2302","월드점","8801000000017","청정원 햇살담은 국간장 500ml","C0010","장류","C001001","간장","960958","82","283002","0.2945","GOLD","173","0","14","7","2","1","2","2","1","12305","677956","2026-08-17T18:00:00+09:00"
"2026-W30","2026-07-20","2026-07-26","2302","월드점","8801000000018","청정원 두번달여 더진한 진간장 840ml","C0010","장류","C001001","간장","1205336","88","309289","0.2566","VIP","144","0","21","7","3","2","1","0","2","25476","896047","2026-08-17T18:00:00+09:00"
"2026-W31","2026-07-27","2026-08-02","2302","월드점","8801000000018","청정원 두번달여 더진한 진간장 840ml","C0010","장류","C001001","간장","1342306","98","362825","0.2703","VIP","166","0","14","7","2","1","2","0","2","28216","979481","2026-08-17T18:00:00+09:00"
"2026-W32","2026-08-03","2026-08-09","2302","월드점","8801000000018","청정원 두번달여 더진한 진간장 840ml","C0010","장류","C001001","간장","958790","70","245930","0.2565","VIP","121","843735","28","7","4","1","2","2","1","10958","712860","2026-08-17T18:00:00+09:00"
"2026-W33","2026-08-10","2026-08-16","2302","월드점","8801000000018","청정원 두번달여 더진한 진간장 840ml","C0010","장류","C001001","간장","835517","61","261433","0.3129","VIP","107","0","21","7","3","2","0","2","2","28490","574084","2026-08-17T18:00:00+09:00"
"2026-W34","2026-08-17","2026-08-23","2302","월드점","8801000000018","청정원 두번달여 더진한 진간장 840ml","C0010","장류","C001001","간장","1150548","84","309037","0.2686","VIP","109","0","35","7","5","1","2","1","2","23558","841511","2026-08-17T18:00:00+09:00"
"2026-W30","2026-07-20","2026-07-26","2302","월드점","8801000000019","청정원 맛선생 맛간장 500ml","C0010","장류","C001001","간장","128403","33","30573","0.2381","ACE","85","0","105","7","15","0","0","0","2","6226","97830","2026-08-17T18:00:00+09:00"
"2026-W31","2026-07-27","2026-08-02","2302","월드점","8801000000019","청정원 맛선생 맛간장 500ml","C0010","장류","C001001","간장","159531","41","38989","0.2444","ACE","107","143578","70","7","10","1","1","0","2","7626","120542","2026-08-17T18:00:00+09:00"
"2026-W32","2026-08-03","2026-08-09","2302","월드점","8801000000019","청정원 맛선생 맛간장 500ml","C0010","장류","C001001","간장","178986","46","47378","0.2647","ACE","61","0","91","7","13","2","1","1","2","6304","131608","2026-08-17T18:00:00+09:00"
"2026-W33","2026-08-10","2026-08-16","2302","월드점","8801000000019","청정원 맛선생 맛간장 500ml","C0010","장류","C001001","간장","182877","47","47475","0.2596","ACE","58","0","91","7","13","0","1","0","2","7316","135402","2026-08-17T18:00:00+09:00"
"2026-W34","2026-08-17","2026-08-23","2302","월드점","8801000000019","청정원 맛선생 맛간장 500ml","C0010","장류","C001001","간장","167313","43","32977","0.1971","ACE","66","0","70","7","10","1","2","1","0","0","134336","2026-08-17T18:00:00+09:00"
"2026-W30","2026-07-20","2026-07-26","2302","월드점","8801000000020","청정원 저염 양조간장 500ml","C0010","장류","C001001","간장","551031","71","167624","0.3042","GOLD","103","236943","49","7","7","1","1","0","2","16142","383407","2026-08-17T18:00:00+09:00"
"2026-W31","2026-07-27","2026-08-02","2302","월드점","8801000000020","청정원 저염 양조간장 500ml","C0010","장류","C001001","간장","644163","83","170832","0.2652","GOLD","129","0","49","7","7","0","1","2","2","13348","473331","2026-08-17T18:00:00+09:00"
"2026-W32","2026-08-03","2026-08-09","2302","월드점","8801000000020","청정원 저염 양조간장 500ml","C0010","장류","C001001","간장","659685","85","181084","0.2745","GOLD","108","0","49","7","7","2","2","0","2","15832","478601","2026-08-17T18:00:00+09:00"
"2026-W33","2026-08-10","2026-08-16","2302","월드점","8801000000020","청정원 저염 양조간장 500ml","C0010","장류","C001001","간장","488943","63","125512","0.2567","GOLD","106","0","56","7","8","2","1","2","2","14590","363431","2026-08-17T18:00:00+09:00"
"2026-W34","2026-08-17","2026-08-23","2302","월드점","8801000000020","청정원 저염 양조간장 500ml","C0010","장류","C001001","간장","760578","98","215244","0.283","GOLD","149","0","49","7","7","2","0","1","0","0","545334","2026-08-17T18:00:00+09:00"
"2026-W30","2026-07-20","2026-07-26","2302","월드점","8801000000021","오뚜기 양조간장 501 500ml","C0010","장류","C001001","간장","551599","71","177725","0.3222","VIP","106","0","35","7","5","0","2","1","1","6526","373874","2026-08-17T18:00:00+09:00"
"2026-W31","2026-07-27","2026-08-02","2302","월드점","8801000000021","오뚜기 양조간장 501 500ml","C0010","장류","C001001","간장","699210","90","191444","0.2738","VIP","124","0","42","7","6","1","1","1","1","6681","507766","2026-08-17T18:00:00+09:00"
"2026-W32","2026-08-03","2026-08-09","2302","월드점","8801000000021","오뚜기 양조간장 501 500ml","C0010","장류","C001001","간장","699210","90","205498","0.2939","VIP","166","0","42","7","6","2","1","1","1","7847","493712","2026-08-17T18:00:00+09:00"
"2026-W33","2026-08-10","2026-08-16","2302","월드점","8801000000021","오뚜기 양조간장 501 500ml","C0010","장류","C001001","간장","940049","121","263872","0.2807","VIP","179","0","21","7","3","1","0","1","2","16004","676177","2026-08-17T18:00:00+09:00"
"2026-W34","2026-08-17","2026-08-23","2302","월드점","8801000000021","오뚜기 양조간장 501 500ml","C0010","장류","C001001","간장","1017739","131","292804","0.2877","VIP","140","692063","21","7","3","1","1","1","1","7458","724935","2026-08-17T18:00:00+09:00"
"2026-W30","2026-07-20","2026-07-26","2302","월드점","8801000000022","오뚜기 양조간장 501 900ml","C0010","장류","C001001","간장","766908","81","240579","0.3137","MVG","89","467814","28","7","4","1","1","1","0","0","526329","2026-08-17T18:00:00+09:00"
"2026-W31","2026-07-27","2026-08-02","2302","월드점","8801000000022","오뚜기 양조간장 501 900ml","C0010","장류","C001001","간장","738504","78","192233","0.2603","MVG","73","531723","21","7","3","0","2","1","1","7574","546271","2026-08-17T18:00:00+09:00"
"2026-W32","2026-08-03","2026-08-09","2302","월드점","8801000000022","오뚜기 양조간장 501 900ml","C0010","장류","C001001","간장","776376","82","238580","0.3073","MVG","146","504644","21","7","3","2","1","0","2","15528","537796","2026-08-17T18:00:00+09:00"
"2026-W33","2026-08-10","2026-08-16","2302","월드점","8801000000022","오뚜기 양조간장 501 900ml","C0010","장류","C001001","간장","681696","72","180854","0.2653","MVG","156","415835","28","7","4","2","0","1","2","16664","500842","2026-08-17T18:00:00+09:00"
"2026-W34","2026-08-17","2026-08-23","2302","월드점","8801000000022","오뚜기 양조간장 501 900ml","C0010","장류","C001001","간장","719568","76","206012","0.2863","MVG","159","366980","28","7","4","1","2","1","0","0","513556","2026-08-17T18:00:00+09:00"
"2026-W30","2026-07-20","2026-07-26","2302","월드점","8801000000023","오뚜기 진간장 500ml","C0010","장류","C001001","간장","655915","65","216845","0.3306","GOLD","91","0","84","7","12","2","2","2","1","10091","439070","2026-08-17T18:00:00+09:00"
"2026-W31","2026-07-27","2026-08-02","2302","월드점","8801000000023","오뚜기 진간장 500ml","C0010","장류","C001001","간장","655915","65","224848","0.3428","GOLD","87","0","77","7","11","2","1","0","1","8376","431067","2026-08-17T18:00:00+09:00"
"2026-W32","2026-08-03","2026-08-09","2302","월드점","8801000000023","오뚜기 진간장 500ml","C0010","장류","C001001","간장","766916","76","261212","0.3406","GOLD","111","559849","56","7","8","2","2","0","2","16146","505704","2026-08-17T18:00:00+09:00"
"2026-W33","2026-08-10","2026-08-16","2302","월드점","8801000000023","오뚜기 진간장 500ml","C0010","장류","C001001","간장","877917","87","295595","0.3367","GOLD","126","0","49","7","7","3","1","2","1","10394","582322","2026-08-17T18:00:00+09:00"
"2026-W34","2026-08-17","2026-08-23","2302","월드점","8801000000023","오뚜기 진간장 500ml","C0010","장류","C001001","간장","756825","75","219631","0.2902","GOLD","86","0","63","7","9","3","2","1","2","16348","537194","2026-08-17T18:00:00+09:00"
"2026-W30","2026-07-20","2026-07-26","2302","월드점","8801000000024","오뚜기 진간장 1.7L","C0010","장류","C001001","간장","351177","57","98435","0.2803","VIP","74","0","42","7","6","2","1","0","0","0","252742","2026-08-17T18:00:00+09:00"
"2026-W31","2026-07-27","2026-08-02","2302","월드점","8801000000024","오뚜기 진간장 1.7L","C0010","장류","C001001","간장","277245","45","80456","0.2902","VIP","74","152485","49","7","7","2","0","2","1","6038","196789","2026-08-17T18:00:00+09:00"
"2026-W32","2026-08-03","2026-08-09","2302","월드점","8801000000024","오뚜기 진간장 1.7L","C0010","장류","C001001","간장","308050","50","96358","0.3128","VIP","82","0","28","7","4","0","1","2","1","6038","211692","2026-08-17T18:00:00+09:00"
"2026-W33","2026-08-10","2026-08-16","2302","월드점","8801000000024","오뚜기 진간장 1.7L","C0010","장류","C001001","간장","406626","66","134878","0.3317","VIP","90","0","28","7","4","1","0","2","0","0","271748","2026-08-17T18:00:00+09:00"
"2026-W34","2026-08-17","2026-08-23","2302","월드점","8801000000024","오뚜기 진간장 1.7L","C0010","장류","C001001","간장","394304","64","131619","0.3338","VIP","136","0","35","7","5","0","1","0","0","0","262685","2026-08-17T18:00:00+09:00"
"2026-W30","2026-07-20","2026-07-26","2302","월드점","8801000000025","오뚜기 국간장 500ml","C0010","장류","C001001","간장","899822","77","272736","0.3031","ACE","92","764849","21","7","3","1","1","1","1","11569","627086","2026-08-17T18:00:00+09:00"
"2026-W31","2026-07-27","2026-08-02","2302","월드점","8801000000025","오뚜기 국간장 500ml","C0010","장류","C001001","간장","782962","67","226667","0.2895","ACE","135","0","35","7","5","3","2","0","2","23606","556295","2026-08-17T18:00:00+09:00"
"2026-W32","2026-08-03","2026-08-09","2302","월드점","8801000000025","오뚜기 국간장 500ml","C0010","장류","C001001","간장","876450","75","228841","0.2611","ACE","70","0","35","7","5","2","1","2","1","9816","647609","2026-08-17T18:00:00+09:00"
"2026-W33","2026-08-10","2026-08-16","2302","월드점","8801000000025","오뚜기 국간장 500ml","C0010","장류","C001001","간장","818020","70","212685","0.26","ACE","94","0","42","7","6","1","2","0","1","10985","605335","2026-08-17T18:00:00+09:00"
"2026-W34","2026-08-17","2026-08-23","2302","월드점","8801000000025","오뚜기 국간장 500ml","C0010","장류","C001001","간장","1075112","92","325651","0.3029","ACE","123","0","21","7","3","2","0","0","2","24074","749461","2026-08-17T18:00:00+09:00"
"2026-W30","2026-07-20","2026-07-26","2302","월드점","8801000000026","몽고 송표간장 500ml","C0010","장류","C001001","간장","427185","45","123670","0.2895","GOLD","99","0","56","7","8","4","0","0","0","0","303515","2026-08-17T18:00:00+09:00"
"2026-W31","2026-07-27","2026-08-02","2302","월드점","8801000000026","몽고 송표간장 500ml","C0010","장류","C001001","간장","294283","31","89374","0.3037","GOLD","71","0","70","7","10","1","3","2","1","7879","204909","2026-08-17T18:00:00+09:00"
"2026-W32","2026-08-03","2026-08-09","2302","월드점","8801000000026","몽고 송표간장 500ml","C0010","장류","C001001","간장","408199","43","137971","0.338","GOLD","68","0","63","7","9","3","1","3","3","23922","270228","2026-08-17T18:00:00+09:00"
"2026-W33","2026-08-10","2026-08-16","2302","월드점","8801000000026","몽고 송표간장 500ml","C0010","장류","C001001","간장","493636","52","143105","0.2899","GOLD","120","0","28","7","4","1","2","1","3","22782","350531","2026-08-17T18:00:00+09:00"
"2026-W34","2026-08-17","2026-08-23","2302","월드점","8801000000026","몽고 송표간장 500ml","C0010","장류","C001001","간장","370227","39","121101","0.3271","GOLD","64","214732","42","7","6","1","3","2","2","16898","249126","2026-08-17T18:00:00+09:00"
"2026-W30","2026-07-20","2026-07-26","2302","월드점","8801000000027","몽고 송표간장 900ml","C0010","장류","C001001","간장","156000","39","35131","0.2252","VIP","47","0","126","7","18","2","0","1","0","0","120869","2026-08-17T18:00:00+09:00"
"2026-W31","2026-07-27","2026-08-02","2302","월드점","8801000000027","몽고 송표간장 900ml","C0010","장류","C001001","간장","120000","30","24432","0.2036","VIP","34","0","147","7","21","0","1","2","3","12120","95568","2026-08-17T18:00:00+09:00"
"2026-W32","2026-08-03","2026-08-09","2302","월드점","8801000000027","몽고 송표간장 900ml","C0010","장류","C001001","간장","168000","42","41278","0.2457","VIP","50","0","84","7","12","1","3","2","3","12240","126722","2026-08-17T18:00:00+09:00"
"2026-W33","2026-08-10","2026-08-16","2302","월드점","8801000000027","몽고 송표간장 900ml","C0010","장류","C001001","간장","176000","44","33018","0.1876","VIP","88","105600","105","7","15","2","2","1","1","3520","142982","2026-08-17T18:00:00+09:00"
"2026-W34","2026-08-17","2026-08-23","2302","월드점","8801000000027","몽고 송표간장 900ml","C0010","장류","C001001","간장","124000","31","27801","0.2242","VIP","65","0","161","7","23","4","2","0","2","8080","96199","2026-08-17T18:00:00+09:00"
"2026-W30","2026-07-20","2026-07-26","2302","월드점","8801000000028","몽고 진간장 1.8L","C0010","장류","C001001","간장","290261","29","94422","0.3253","ACE","53","0","161","7","23","2","1","0","2","17216","195839","2026-08-17T18:00:00+09:00"
"2026-W31","2026-07-27","2026-08-02","2302","월드점","8801000000028","몽고 진간장 1.8L","C0010","장류","C001001","간장","470423","47","149595","0.318","ACE","79","0","84","7","12","4","1","0","3","28224","320828","2026-08-17T18:00:00+09:00"
"2026-W32","2026-08-03","2026-08-09","2302","월드점","8801000000028","몽고 진간장 1.8L","C0010","장류","C001001","간장","500450","50","173306","0.3463","ACE","74","375338","63","7","9","4","3","0","1","9208","327144","2026-08-17T18:00:00+09:00"
"2026-W33","2026-08-10","2026-08-16","2302","월드점","8801000000028","몽고 진간장 1.8L","C0010","장류","C001001","간장","450405","45","140616","0.3122","ACE","83","0","77","7","11","4","0","1","2","16214","309789","2026-08-17T18:00:00+09:00"
"2026-W34","2026-08-17","2026-08-23","2302","월드점","8801000000028","몽고 진간장 1.8L","C0010","장류","C001001","간장","330297","33","108238","0.3277","ACE","42","0","119","7","17","2","3","3","0","0","222059","2026-08-17T18:00:00+09:00"
"2026-W30","2026-07-20","2026-07-26","2302","월드점","8801000000029","몽고 국간장 900ml","C0010","장류","C001001","간장","214445","55","56571","0.2638","GOLD","78","0","42","7","6","2","0","1","0","0","157874","2026-08-17T18:00:00+09:00"
"2026-W31","2026-07-27","2026-08-02","2302","월드점","8801000000029","몽고 국간장 900ml","C0010","장류","C001001","간장","218344","56","50372","0.2307","GOLD","78","102622","28","7","4","0","2","0","1","3158","167972","2026-08-17T18:00:00+09:00"
"2026-W32","2026-08-03","2026-08-09","2302","월드점","8801000000029","몽고 국간장 900ml","C0010","장류","C001001","간장","237839","61","52824","0.2221","GOLD","129","0","28","7","4","3","3","2","0","0","185015","2026-08-17T18:00:00+09:00"
"2026-W33","2026-08-10","2026-08-16","2302","월드점","8801000000029","몽고 국간장 900ml","C0010","장류","C001001","간장","202748","52","53424","0.2635","GOLD","70","0","28","7","4","4","3","2","4","15908","149324","2026-08-17T18:00:00+09:00"
"2026-W34","2026-08-17","2026-08-23","2302","월드점","8801000000029","몽고 국간장 900ml","C0010","장류","C001001","간장","218344","56","48953","0.2242","GOLD","102","0","28","7","4","1","1","0","2","6394","169391","2026-08-17T18:00:00+09:00"
"2026-W30","2026-07-20","2026-07-26","2302","월드점","8801000000030","몽고 양조간장 501 500ml","C0010","장류","C001001","간장","292152","74","103276","0.3535","VIP","90","119782","56","7","8","0","0","2","1","3158","188876","2026-08-17T18:00:00+09:00"
"2026-W31","2026-07-27","2026-08-02","2302","월드점","8801000000030","몽고 양조간장 501 500ml","C0010","장류","C001001","간장","307944","78","90443","0.2937","VIP","108","0","49","7","7","2","3","1","4","16580","217501","2026-08-17T18:00:00+09:00"
"2026-W32","2026-08-03","2026-08-09","2302","월드점","8801000000030","몽고 양조간장 501 500ml","C0010","장류","C001001","간장","193452","49","61344","0.3171","VIP","72","0","98","7","14","1","3","0","4","13580","132108","2026-08-17T18:00:00+09:00"
"2026-W33","2026-08-10","2026-08-16","2302","월드점","8801000000030","몽고 양조간장 501 500ml","C0010","장류","C001001","간장","347424","88","112426","0.3236","VIP","97","0","35","7","5","2","2","1","2","7738","234998","2026-08-17T18:00:00+09:00"
"2026-W34","2026-08-17","2026-08-23","2302","월드점","8801000000030","몽고 양조간장 501 500ml","C0010","장류","C001001","간장","355320","90","103825","0.2922","VIP","144","0","35","7","5","1","1","1","4","16264","251495","2026-08-17T18:00:00+09:00"
"2026-W30","2026-07-20","2026-07-26","2302","월드점","8801000000031","대상 집으로ON 양조간장 500ml","C0010","장류","C001001","간장","280300","20","55471","0.1979","GOLD","45","0","217","7","31","3","3","2","1","13314","224829","2026-08-17T18:00:00+09:00"
"2026-W31","2026-07-27","2026-08-02","2302","월드점","8801000000031","대상 집으로ON 양조간장 500ml","C0010","장류","C001001","간장","434465","31","101925","0.2346","GOLD","65","0","133","7","19","1","3","2","4","45408","332540","2026-08-17T18:00:00+09:00"
"2026-W32","2026-08-03","2026-08-09","2302","월드점","8801000000031","대상 집으로ON 양조간장 500ml","C0010","장류","C001001","간장","420450","30","86823","0.2065","GOLD","37","0","140","7","20","2","2","0","2","28030","333627","2026-08-17T18:00:00+09:00"
"2026-W33","2026-08-10","2026-08-16","2302","월드점","8801000000031","대상 집으로ON 양조간장 500ml","C0010","장류","C001001","간장","448480","32","90817","0.2025","GOLD","72","0","133","7","19","1","1","1","3","44148","357663","2026-08-17T18:00:00+09:00"
"2026-W34","2026-08-17","2026-08-23","2302","월드점","8801000000031","대상 집으로ON 양조간장 500ml","C0010","장류","C001001","간장","336360","24","82576","0.2455","GOLD","38","188362","189","7","27","4","1","2","2","23264","253784","2026-08-17T18:00:00+09:00"
"2026-W30","2026-07-20","2026-07-26","2302","월드점","8801000000032","대상 집으로ON 진간장 840ml","C0010","장류","C001001","간장","86127","19","21196","0.2461","ACE","43","0","84","7","12","4","2","0","2","9520","64931","2026-08-17T18:00:00+09:00"
"2026-W31","2026-07-27","2026-08-02","2302","월드점","8801000000032","대상 집으로ON 진간장 840ml","C0010","장류","C001001","간장","154122","34","37375","0.2425","ACE","63","0","77","7","11","1","1","3","2","9066","116747","2026-08-17T18:00:00+09:00"
"2026-W32","2026-08-03","2026-08-09","2302","월드점","8801000000032","대상 집으로ON 진간장 840ml","C0010","장류","C001001","간장","140523","31","32995","0.2348","ACE","74","0","56","7","8","0","0","0","0","0","107528","2026-08-17T18:00:00+09:00"
"2026-W33","2026-08-10","2026-08-16","2302","월드점","8801000000032","대상 집으로ON 진간장 840ml","C0010","장류","C001001","간장","158655","35","41552","0.2619","ACE","40","133270","56","7","8","1","3","1","4","16136","117103","2026-08-17T18:00:00+09:00"
"2026-W34","2026-08-17","2026-08-23","2302","월드점","8801000000032","대상 집으로ON 진간장 840ml","C0010","장류","C001001","간장","104259","23","29015","0.2783","ACE","56","0","105","7","15","4","2","0","0","0","75244","2026-08-17T18:00:00+09:00"
"2026-W30","2026-07-20","2026-07-26","2302","월드점","8801000000033","이마트 노브랜드 진간장 900ml","C0010","장류","C001001","간장","135392","32","48213","0.3561","VIP","25","0","126","7","18","2","2","2","1","4273","87179","2026-08-17T18:00:00+09:00"
"2026-W31","2026-07-27","2026-08-02","2302","월드점","8801000000033","이마트 노브랜드 진간장 900ml","C0010","장류","C001001","간장","211550","50","69515","0.3286","VIP","74","0","63","7","9","1","1","2","0","0","142035","2026-08-17T18:00:00+09:00"
"2026-W32","2026-08-03","2026-08-09","2302","월드점","8801000000033","이마트 노브랜드 진간장 900ml","C0010","장류","C001001","간장","181933","43","59528","0.3272","VIP","63","78231","84","7","12","3","3","0","2","8800","122405","2026-08-17T18:00:00+09:00"
"2026-W33","2026-08-10","2026-08-16","2302","월드점","8801000000033","이마트 노브랜드 진간장 900ml","C0010","장류","C001001","간장","165009","39","59090","0.3581","VIP","88","0","91","7","13","1","1","1","4","14384","105919","2026-08-17T18:00:00+09:00"
"2026-W34","2026-08-17","2026-08-23","2302","월드점","8801000000033","이마트 노브랜드 진간장 900ml","C0010","장류","C001001","간장","152316","36","57697","0.3788","VIP","33","0","105","7","15","4","3","2","1","3385","94619","2026-08-17T18:00:00+09:00"
"2026-W30","2026-07-20","2026-07-26","2302","월드점","8801000000034","이마트 노브랜드 양조간장 500ml","C0010","장류","C001001","간장","216104","28","65047","0.301","GOLD","29","0","84","7","12","3","2","2","4","27168","151057","2026-08-17T18:00:00+09:00"
"2026-W31","2026-07-27","2026-08-02","2302","월드점","8801000000034","이마트 노브랜드 양조간장 500ml","C0010","장류","C001001","간장","385900","50","102071","0.2645","GOLD","72","246976","56","7","8","4","3","2","1","6406","283829","2026-08-17T18:00:00+09:00"
"2026-W32","2026-08-03","2026-08-09","2302","월드점","8801000000034","이마트 노브랜드 양조간장 500ml","C0010","장류","C001001","간장","277848","36","85105","0.3063","GOLD","36","0","70","7","10","1","1","0","2","13430","192743","2026-08-17T18:00:00+09:00"
"2026-W33","2026-08-10","2026-08-16","2302","월드점","8801000000034","이마트 노브랜드 양조간장 500ml","C0010","장류","C001001","간장","239258","31","62686","0.262","GOLD","82","0","91","7","13","4","2","3","1","7718","176572","2026-08-17T18:00:00+09:00"
"2026-W34","2026-08-17","2026-08-23","2302","월드점","8801000000034","이마트 노브랜드 양조간장 500ml","C0010","장류","C001001","간장","339592","44","103134","0.3037","GOLD","79","0","70","7","10","1","3","2","1","6869","236458","2026-08-17T18:00:00+09:00"
"2026-W30","2026-07-20","2026-07-26","2302","월드점","8801000000035","피코크 한식간장 500ml","C0010","장류","C001001","간장","318780","33","61748","0.1937","ACE","73","267775","91","7","13","4","1","2","0","0","257032","2026-08-17T18:00:00+09:00"
"2026-W31","2026-07-27","2026-08-02","2302","월드점","8801000000035","피코크 한식간장 500ml","C0010","장류","C001001","간장","328440","34","58856","0.1792","ACE","77","0","84","7","12","0","1","2","3","24924","269584","2026-08-17T18:00:00+09:00"
"2026-W32","2026-08-03","2026-08-09","2302","월드점","8801000000035","피코크 한식간장 500ml","C0010","장류","C001001","간장","299460","31","61270","0.2046","ACE","51","0","133","7","19","1","1","1","2","19706","238190","2026-08-17T18:00:00+09:00"
"2026-W33","2026-08-10","2026-08-16","2302","월드점","8801000000035","피코크 한식간장 500ml","C0010","장류","C001001","간장","309120","32","66306","0.2145","ACE","44","0","126","7","18","2","1","2","1","8984","242814","2026-08-17T18:00:00+09:00"
"2026-W34","2026-08-17","2026-08-23","2302","월드점","8801000000035","피코크 한식간장 500ml","C0010","장류","C001001","간장","280140","29","49024","0.175","ACE","52","0","133","7","19","2","3","2","0","0","231116","2026-08-17T18:00:00+09:00"
"2026-W30","2026-07-20","2026-07-26","2302","월드점","8801000000036","피코크 저염 양조간장 500ml","C0010","장류","C001001","간장","180208","16","46890","0.2602","GOLD","43","0","252","7","36","3","3","1","3","30072","133318","2026-08-17T18:00:00+09:00"
"2026-W31","2026-07-27","2026-08-02","2302","월드점","8801000000036","피코크 저염 양조간장 500ml","C0010","장류","C001001","간장","180208","16","45250","0.2511","GOLD","44","0","210","7","30","1","1","1","3","34128","134958","2026-08-17T18:00:00+09:00"
"2026-W32","2026-08-03","2026-08-09","2302","월드점","8801000000036","피코크 저염 양조간장 500ml","C0010","장류","C001001","간장","123893","11","32373","0.2613","GOLD","38","0","350","7","50","1","3","0","4","45052","91520","2026-08-17T18:00:00+09:00"
"2026-W33","2026-08-10","2026-08-16","2302","월드점","8801000000036","피코크 저염 양조간장 500ml","C0010","장류","C001001","간장","225260","20","50796","0.2255","GOLD","63","0","203","7","29","3","3","1","4","36944","174464","2026-08-17T18:00:00+09:00"
"2026-W34","2026-08-17","2026-08-23","2302","월드점","8801000000036","피코크 저염 양조간장 500ml","C0010","장류","C001001","간장","146419","13","35961","0.2456","GOLD","53","93708","252","7","36","4","2","1","1","9574","110458","2026-08-17T18:00:00+09:00"
"2026-W30","2026-07-20","2026-07-26","2302","월드점","8801000000037","CJ 백설 진간장 500ml","C0010","장류","C001001","간장","794419","71","241424","0.3039","VIP","51","444875","49","7","7","3","2","0","3","26853","552995","2026-08-17T18:00:00+09:00"
"2026-W31","2026-07-27","2026-08-02","2302","월드점","8801000000037","CJ 백설 진간장 500ml","C0010","장류","C001001","간장","760852","68","233125","0.3064","VIP","78","365209","35","7","5","0","0","2","1","9175","527727","2026-08-17T18:00:00+09:00"
"2026-W32","2026-08-03","2026-08-09","2302","월드점","8801000000037","CJ 백설 진간장 500ml","C0010","장류","C001001","간장","671340","60","191936","0.2859","VIP","65","577352","56","7","8","1","1","2","3","33903","479404","2026-08-17T18:00:00+09:00"
"2026-W33","2026-08-10","2026-08-16","2302","월드점","8801000000037","CJ 백설 진간장 500ml","C0010","장류","C001001","간장","682529","61","199094","0.2917","VIP","102","375391","56","7","8","2","3","0","0","0","483435","2026-08-17T18:00:00+09:00"
"2026-W34","2026-08-17","2026-08-23","2302","월드점","8801000000037","CJ 백설 진간장 500ml","C0010","장류","C001001","간장","1007010","90","281459","0.2795","VIP","171","422944","28","7","4","0","1","1","2","21482","725551","2026-08-17T18:00:00+09:00"
"2026-W30","2026-07-20","2026-07-26","2302","월드점","8801000000038","CJ 백설 진간장 1.7L","C0010","장류","C001001","간장","440825","55","162664","0.369","MVG","104","0","77","7","11","3","3","3","1","6893","278161","2026-08-17T18:00:00+09:00"
"2026-W31","2026-07-27","2026-08-02","2302","월드점","8801000000038","CJ 백설 진간장 1.7L","C0010","장류","C001001","간장","528990","66","177794","0.3361","MVG","102","0","49","7","7","3","3","2","0","0","351196","2026-08-17T18:00:00+09:00"
"2026-W32","2026-08-03","2026-08-09","2302","월드점","8801000000038","CJ 백설 진간장 1.7L","C0010","장류","C001001","간장","448840","56","159069","0.3544","MVG","85","408444","70","7","10","2","3","2","1","7214","289771","2026-08-17T18:00:00+09:00"
"2026-W33","2026-08-10","2026-08-16","2302","월드점","8801000000038","CJ 백설 진간장 1.7L","C0010","장류","C001001","간장","384720","48","131036","0.3406","MVG","54","0","77","7","11","0","1","1","1","7133","253684","2026-08-17T18:00:00+09:00"
"2026-W34","2026-08-17","2026-08-23","2302","월드점","8801000000038","CJ 백설 진간장 1.7L","C0010","장류","C001001","간장","480900","60","170191","0.3539","MVG","87","0","56","7","8","2","0","3","3","23805","310709","2026-08-17T18:00:00+09:00"
"2026-W30","2026-07-20","2026-07-26","2302","월드점","8801000000039","CJ 백설 양조간장 500ml","C0010","장류","C001001","간장","227171","23","50250","0.2212","GOLD","55","0","70","7","10","2","2","0","3","29334","176921","2026-08-17T18:00:00+09:00"
"2026-W31","2026-07-27","2026-08-02","2302","월드점","8801000000039","CJ 백설 양조간장 500ml","C0010","장류","C001001","간장","404957","41","112133","0.2769","GOLD","90","295619","35","7","5","1","3","0","1","10272","292824","2026-08-17T18:00:00+09:00"
"2026-W32","2026-08-03","2026-08-09","2302","월드점","8801000000039","CJ 백설 양조간장 500ml","C0010","장류","C001001","간장","325941","33","75618","0.232","GOLD","55","0","42","7","6","3","0","3","1","10371","250323","2026-08-17T18:00:00+09:00"
"2026-W33","2026-08-10","2026-08-16","2302","월드점","8801000000039","CJ 백설 양조간장 500ml","C0010","장류","C001001","간장","424711","43","105498","0.2484","GOLD","76","0","28","7","4","3","3","1","3","25185","319213","2026-08-17T18:00:00+09:00"
"2026-W34","2026-08-17","2026-08-23","2302","월드점","8801000000039","CJ 백설 양조간장 500ml","C0010","장류","C001001","간장","355572","36","95364","0.2682","GOLD","42","0","63","7","9","2","2","2","3","24297","260208","2026-08-17T18:00:00+09:00"
"2026-W30","2026-07-20","2026-07-26","2302","월드점","8801000000040","CJ 백설 국간장 500ml","C0010","장류","C001001","간장","170352","18","57903","0.3399","ACE","46","61327","245","7","35","2","2","0","1","9843","112449","2026-08-17T18:00:00+09:00"
"2026-W31","2026-07-27","2026-08-02","2302","월드점","8801000000040","CJ 백설 국간장 500ml","C0010","장류","C001001","간장","179816","19","62396","0.347","ACE","42","0","210","7","30","1","2","2","2","16278","117420","2026-08-17T18:00:00+09:00"
"2026-W32","2026-08-03","2026-08-09","2302","월드점","8801000000040","CJ 백설 국간장 500ml","C0010","장류","C001001","간장","179816","19","56049","0.3117","ACE","54","0","203","7","29","2","1","2","0","0","123767","2026-08-17T18:00:00+09:00"
"2026-W33","2026-08-10","2026-08-16","2302","월드점","8801000000040","CJ 백설 국간장 500ml","C0010","장류","C001001","간장","160888","17","52707","0.3276","ACE","18","0","245","7","35","3","2","3","3","27540","108181","2026-08-17T18:00:00+09:00"
"2026-W34","2026-08-17","2026-08-23","2302","월드점","8801000000040","CJ 백설 국간장 500ml","C0010","장류","C001001","간장","170352","18","52997","0.3111","ACE","52","0","245","7","35","1","0","2","0","0","117355","2026-08-17T18:00:00+09:00"
"2026-W30","2026-07-20","2026-07-26","2302","월드점","8801000000041","풀무원 자연은맛간장 500ml","C0010","장류","C001001","간장","56728","7","12968","0.2286","GOLD","48","0","266","7","38","4","2","1","4","33064","43760","2026-08-17T18:00:00+09:00"
"2026-W31","2026-07-27","2026-08-02","2302","월드점","8801000000041","풀무원 자연은맛간장 500ml","C0010","장류","C001001","간장","32416","4","6798","0.2097","GOLD","19","0","420","7","60","2","3","3","4","32740","25618","2026-08-17T18:00:00+09:00"
"2026-W32","2026-08-03","2026-08-09","2302","월드점","8801000000041","풀무원 자연은맛간장 500ml","C0010","장류","C001001","간장","48624","6","12608","0.2593","GOLD","5","0","420","7","60","0","1","3","2","13128","36016","2026-08-17T18:00:00+09:00"
"2026-W33","2026-08-10","2026-08-16","2302","월드점","8801000000041","풀무원 자연은맛간장 500ml","C0010","장류","C001001","간장","56728","7","13541","0.2387","GOLD","22","0","315","7","45","6","1","2","1","8347","43187","2026-08-17T18:00:00+09:00"
"2026-W34","2026-08-17","2026-08-23","2302","월드점","8801000000041","풀무원 자연은맛간장 500ml","C0010","장류","C001001","간장","72936","9","16104","0.2208","GOLD","35","37927","245","7","35","3","1","1","3","24312","56832","2026-08-17T18:00:00+09:00"
"2026-W30","2026-07-20","2026-07-26","2302","월드점","8801000000042","풀무원 국산콩 양조간장 300ml","C0010","장류","C001001","간장","238623","21","61803","0.259","VIP","50","0","133","7","19","3","2","4","3","33408","176820","2026-08-17T18:00:00+09:00"
"2026-W31","2026-07-27","2026-08-02","2302","월드점","8801000000042","풀무원 국산콩 양조간장 300ml","C0010","장류","C001001","간장","295438","26","95781","0.3242","VIP","50","0","133","7","19","1","1","1","4","40908","199657","2026-08-17T18:00:00+09:00"
"2026-W32","2026-08-03","2026-08-09","2302","월드점","8801000000042","풀무원 국산콩 양조간장 300ml","C0010","장류","C001001","간장","329527","29","85018","0.258","VIP","83","0","119","7","17","3","4","1","6","54540","244509","2026-08-17T18:00:00+09:00"
"2026-W33","2026-08-10","2026-08-16","2302","월드점","8801000000042","풀무원 국산콩 양조간장 300ml","C0010","장류","C001001","간장","397705","35","126391","0.3178","VIP","78","242600","70","7","10","5","4","4","1","9090","271314","2026-08-17T18:00:00+09:00"
"2026-W34","2026-08-17","2026-08-23","2302","월드점","8801000000042","풀무원 국산콩 양조간장 300ml","C0010","장류","C001001","간장","306801","27","85597","0.279","VIP","53","0","105","7","15","3","1","2","5","55680","221204","2026-08-17T18:00:00+09:00"
"2026-W30","2026-07-20","2026-07-26","2302","월드점","8801000000043","해표 양조간장 500ml","C0010","장류","C001001","간장","213136","28","34315","0.161","ACE","40","0","126","7","18","6","3","1","0","0","178821","2026-08-17T18:00:00+09:00"
"2026-W31","2026-07-27","2026-08-02","2302","월드점","8801000000043","해표 양조간장 500ml","C0010","장류","C001001","간장","137016","18","25074","0.183","ACE","56","0","210","7","30","1","4","0","3","23979","111942","2026-08-17T18:00:00+09:00"
"2026-W32","2026-08-03","2026-08-09","2302","월드점","8801000000043","해표 양조간장 500ml","C0010","장류","C001001","간장","167464","22","26945","0.1609","ACE","72","90431","182","7","26","6","3","0","2","12788","140519","2026-08-17T18:00:00+09:00"
"2026-W33","2026-08-10","2026-08-16","2302","월드점","8801000000043","해표 양조간장 500ml","C0010","장류","C001001","간장","220748","29","35033","0.1587","ACE","45","0","161","7","23","3","4","2","5","34635","185715","2026-08-17T18:00:00+09:00"
"2026-W34","2026-08-17","2026-08-23","2302","월드점","8801000000043","해표 양조간장 500ml","C0010","장류","C001001","간장","144628","19","25180","0.1741","ACE","34","0","238","7","34","2","1","0","3","21009","119448","2026-08-17T18:00:00+09:00"
"2026-W30","2026-07-20","2026-07-26","2302","월드점","8801000000044","해표 진간장 900ml","C0010","장류","C001001","간장","58980","15","20743","0.3517","GOLD","30","0","147","7","21","4","3","1","4","15572","38237","2026-08-17T18:00:00+09:00"
"2026-W31","2026-07-27","2026-08-02","2302","월드점","8801000000044","해표 진간장 900ml","C0010","장류","C001001","간장","117960","30","41581","0.3525","GOLD","70","109703","49","7","7","0","4","3","1","3696","76379","2026-08-17T18:00:00+09:00"
"2026-W32","2026-08-03","2026-08-09","2302","월드점","8801000000044","해표 진간장 900ml","C0010","장류","C001001","간장","66844","17","23663","0.354","GOLD","26","0","63","7","9","6","2","3","2","7234","43181","2026-08-17T18:00:00+09:00"
"2026-W33","2026-08-10","2026-08-16","2302","월드점","8801000000044","해표 진간장 900ml","C0010","장류","C001001","간장","62912","16","19088","0.3034","GOLD","49","0","112","7","16","1","1","3","1","3460","43824","2026-08-17T18:00:00+09:00"
"2026-W34","2026-08-17","2026-08-23","2302","월드점","8801000000044","해표 진간장 900ml","C0010","장류","C001001","간장","82572","21","28281","0.3425","GOLD","32","0","105","7","15","2","0","2","2","8022","54291","2026-08-17T18:00:00+09:00"
"2026-W30","2026-07-20","2026-07-26","2302","월드점","8801000000045","기꼬만 특선간장 500ml","C0010","장류","C001001","간장","230809","17","73236","0.3173","VIP","21","200804","161","7","23","6","3","4","2","26068","157573","2026-08-17T18:00:00+09:00"
"2026-W31","2026-07-27","2026-08-02","2302","월드점","8801000000045","기꼬만 특선간장 500ml","C0010","장류","C001001","간장","217232","16","73272","0.3373","VIP","22","0","147","7","21","6","1","4","4","43988","143960","2026-08-17T18:00:00+09:00"
"2026-W32","2026-08-03","2026-08-09","2302","월드점","8801000000045","기꼬만 특선간장 500ml","C0010","장류","C001001","간장","366579","27","134351","0.3665","VIP","80","0","112","7","16","0","2","4","4","50508","232228","2026-08-17T18:00:00+09:00"
"2026-W33","2026-08-10","2026-08-16","2302","월드점","8801000000045","기꼬만 특선간장 500ml","C0010","장류","C001001","간장","244386","18","89079","0.3645","VIP","43","0","161","7","23","6","5","2","4","51048","155307","2026-08-17T18:00:00+09:00"
"2026-W34","2026-08-17","2026-08-23","2302","월드점","8801000000045","기꼬만 특선간장 500ml","C0010","장류","C001001","간장","257963","19","98671","0.3825","VIP","71","0","98","7","14","4","2","1","1","13034","159292","2026-08-17T18:00:00+09:00"
"2026-W30","2026-07-20","2026-07-26","2302","월드점","8801000000046","기꼬만 저염간장 500ml","C0010","장류","C001001","간장","118188","18","29949","0.2534","GOLD","47","0","161","7","23","6","2","4","4","23900","88239","2026-08-17T18:00:00+09:00"
"2026-W31","2026-07-27","2026-08-02","2302","월드점","8801000000046","기꼬만 저염간장 500ml","C0010","장류","C001001","간장","164150","25","33158","0.202","GOLD","55","0","77","7","11","4","3","3","6","37032","130992","2026-08-17T18:00:00+09:00"
"2026-W32","2026-08-03","2026-08-09","2302","월드점","8801000000046","기꼬만 저염간장 500ml","C0010","장류","C001001","간장","144452","22","32559","0.2254","GOLD","41","0","126","7","18","5","4","3","4","26000","111893","2026-08-17T18:00:00+09:00"
"2026-W33","2026-08-10","2026-08-16","2302","월드점","8801000000046","기꼬만 저염간장 500ml","C0010","장류","C001001","간장","164150","25","37541","0.2287","GOLD","71","0","126","7","18","1","1","2","3","18516","126609","2026-08-17T18:00:00+09:00"
"2026-W34","2026-08-17","2026-08-23","2302","월드점","8801000000046","기꼬만 저염간장 500ml","C0010","장류","C001001","간장","210112","32","44355","0.2111","GOLD","62","84045","84","7","12","4","0","3","0","0","165757","2026-08-17T18:00:00+09:00"
"2026-W30","2026-07-20","2026-07-26","2302","월드점","8801000000047","마루킨 양조간장 500ml","C0010","장류","C001001","간장","93636","12","22089","0.2359","ACE","28","0","161","7","23","2","4","0","3","22941","71547","2026-08-17T18:00:00+09:00"
"2026-W31","2026-07-27","2026-08-02","2302","월드점","8801000000047","마루킨 양조간장 500ml","C0010","장류","C001001","간장","109242","14","25410","0.2326","ACE","58","0","119","7","17","1","3","4","0","0","83832","2026-08-17T18:00:00+09:00"
"2026-W32","2026-08-03","2026-08-09","2302","월드점","8801000000047","마루킨 양조간장 500ml","C0010","장류","C001001","간장","117045","15","21349","0.1824","ACE","32","0","189","7","27","2","1","5","2","15138","95696","2026-08-17T18:00:00+09:00"
"2026-W33","2026-08-10","2026-08-16","2302","월드점","8801000000047","마루킨 양조간장 500ml","C0010","장류","C001001","간장","117045","15","21220","0.1813","ACE","42","66716","196","7","28","3","3","3","5","37065","95825","2026-08-17T18:00:00+09:00"
"2026-W34","2026-08-17","2026-08-23","2302","월드점","8801000000047","마루킨 양조간장 500ml","C0010","장류","C001001","간장","140454","18","29018","0.2066","ACE","47","0","175","7","25","2","0","4","1","7647","111436","2026-08-17T18:00:00+09:00"
"2026-W30","2026-07-20","2026-07-26","2302","월드점","8801000000048","야마사 사시미간장 500ml","C0010","장류","C001001","간장","50916","12","15071","0.296","GOLD","47","0","259","7","37","1","4","2","5","22065","35845","2026-08-17T18:00:00+09:00"
"2026-W31","2026-07-27","2026-08-02","2302","월드점","8801000000048","야마사 사시미간장 500ml","C0010","장류","C001001","간장","50916","12","14338","0.2816","GOLD","64","0","189","7","27","4","1","3","5","18880","36578","2026-08-17T18:00:00+09:00"
"2026-W32","2026-08-03","2026-08-09","2302","월드점","8801000000048","야마사 사시미간장 500ml","C0010","장류","C001001","간장","42430","10","12483","0.2942","GOLD","44","22488","168","7","24","4","3","0","6","22404","29947","2026-08-17T18:00:00+09:00"
"2026-W33","2026-08-10","2026-08-16","2302","월드점","8801000000048","야마사 사시미간장 500ml","C0010","장류","C001001","간장","42430","10","11363","0.2678","GOLD","45","0","301","7","43","3","2","2","3","10821","31067","2026-08-17T18:00:00+09:00"
"2026-W34","2026-08-17","2026-08-23","2302","월드점","8801000000048","야마사 사시미간장 500ml","C0010","장류","C001001","간장","59402","14","18836","0.3171","GOLD","20","0","203","7","29","2","3","1","1","3819","40566","2026-08-17T18:00:00+09:00"
"2026-W30","2026-07-20","2026-07-26","2302","월드점","8801000000049","샘표 우리아이 순한간장 200ml","C0010","장류","C001001","간장","24288","6","6259","0.2577","VIP","22","8987","434","7","62","6","3","4","4","15544","18029","2026-08-17T18:00:00+09:00"
"2026-W31","2026-07-27","2026-08-02","2302","월드점","8801000000049","샘표 우리아이 순한간장 200ml","C0010","장류","C001001","간장","28336","7","7605","0.2684","VIP","51","17285","350","7","50","0","3","2","5","19230","20731","2026-08-17T18:00:00+09:00"
"2026-W32","2026-08-03","2026-08-09","2302","월드점","8801000000049","샘표 우리아이 순한간장 200ml","C0010","장류","C001001","간장","28336","7","6344","0.2239","VIP","26","17568","371","7","53","3","5","4","4","13600","21992","2026-08-17T18:00:00+09:00"
"2026-W33","2026-08-10","2026-08-16","2302","월드점","8801000000049","샘표 우리아이 순한간장 200ml","C0010","장류","C001001","간장","24288","6","5771","0.2376","VIP","21","21859","679","7","97","4","5","0","5","19025","18517","2026-08-17T18:00:00+09:00"
"2026-W34","2026-08-17","2026-08-23","2302","월드점","8801000000049","샘표 우리아이 순한간장 200ml","C0010","장류","C001001","간장","36432","9","9097","0.2497","VIP","8","31696","336","7","48","3","1","1","4","13276","27335","2026-08-17T18:00:00+09:00"
"2026-W30","2026-07-20","2026-07-26","2302","월드점","8801000000050","청정원 유기농 양조간장 500ml","C0010","장류","C001001","간장","162680","20","44298","0.2723","MVG","71","122010","112","7","16","2","2","3","2","15618","118382","2026-08-17T18:00:00+09:00"
"2026-W31","2026-07-27","2026-08-02","2302","월드점","8801000000050","청정원 유기농 양조간장 500ml","C0010","장류","C001001","간장","211484","26","59427","0.281","MVG","71","0","98","7","14","3","5","2","3","20985","152057","2026-08-17T18:00:00+09:00"
"2026-W32","2026-08-03","2026-08-09","2302","월드점","8801000000050","청정원 유기농 양조간장 500ml","C0010","장류","C001001","간장","219618","27","62767","0.2858","MVG","76","0","112","7","16","1","5","1","3","21717","156851","2026-08-17T18:00:00+09:00"
"2026-W33","2026-08-10","2026-08-16","2302","월드점","8801000000050","청정원 유기농 양조간장 500ml","C0010","장류","C001001","간장","244020","30","62518","0.2562","MVG","61","0","91","7","13","2","5","1","3","25377","181502","2026-08-17T18:00:00+09:00"
"2026-W34","2026-08-17","2026-08-23","2302","월드점","8801000000050","청정원 유기농 양조간장 500ml","C0010","장류","C001001","간장","227752","28","52269","0.2295","MVG","30","0","119","7","17","1","4","1","5","34165","175483","2026-08-17T18:00:00+09:00"
